,sensor_id,unix_timestamp,pm2.5_atm,pm10.0_atm,date
0,77,1498780800.0,1.457,1.691,2017-06-30
1,77,1501027200.0,3.864,4.168,2017-07-26
2,77,1506470400.0,3.867,4.195,2017-09-27
3,77,1498003200.0,3.873,4.274,2017-06-21
4,77,1485043200.0,1.945,2.158,2017-01-22
5,77,1499644800.0,6.378,6.906,2017-07-10
6,77,1504224000.0,9.791,10.564,2017-09-01
7,77,1488844800.0,0.329,0.467,2017-03-07
8,77,1503619200.0,3.558,3.943,2017-08-25
9,77,1502236800.0,12.84,14.414,2017-08-09
10,77,1493683200.0,0.986,1.185,2017-05-02
11,77,1507075200.0,1.317,1.576,2017-10-04
12,77,1508457600.0,4.223,5.06,2017-10-20
13,77,1505779200.0,3.338,3.768,2017-09-19
14,77,1514073600.0,3.595,3.844,2017-12-24
15,77,1499558400.0,7.736,8.229,2017-07-09
16,77,1510617600.0,10.92,12.204,2017-11-14
17,77,1500595200.0,3.687,4.037,2017-07-21
18,77,1491782400.0,2.289,2.624,2017-04-10
19,77,1499299200.0,7.985,8.485,2017-07-06
20,77,1499385600.0,9.628,10.202,2017-07-07
21,77,1512864000.0,25.891,31.382,2017-12-10
22,77,1489622400.0,1.057,1.388,2017-03-16
23,77,1491868800.0,9.849,11.067,2017-04-11
24,77,1503964800.0,11.288,12.522,2017-08-29
25,77,1484438400.0,36.455,44.411,2017-01-15
26,77,1493078400.0,0.723,0.803,2017-04-25
27,77,1505260800.0,3.045,3.539,2017-09-13
28,77,1491609600.0,1.205,1.424,2017-04-08
29,77,1511481600.0,1.428,1.538,2017-11-24
30,77,1503792000.0,5.958,6.564,2017-08-27
31,77,1513468800.0,10.731,11.828,2017-12-17
32,77,1497312000.0,0.42,0.499,2017-06-13
33,77,1487030400.0,23.026,26.073,2017-02-14
34,77,1492992000.0,1.17,1.388,2017-04-24
35,77,1505865600.0,1.454,1.661,2017-09-20
36,77,1514160000.0,31.11,35.668,2017-12-25
37,77,1486166400.0,1.009,1.2,2017-02-04
38,77,1509926400.0,3.95,4.312,2017-11-06
39,77,1492387200.0,1.191,1.475,2017-04-17
40,77,1487980800.0,1.184,1.403,2017-02-25
41,77,1511049600.0,5.09,5.51,2017-11-19
42,77,1490745600.0,2.171,2.424,2017-03-29
43,77,1509840000.0,5.312,5.789,2017-11-05
44,77,1492732800.0,2.879,3.234,2017-04-21
45,77,1493856000.0,3.075,3.449,2017-05-04
46,77,1506556800.0,3.662,3.958,2017-09-28
47,77,1497398400.0,2.709,2.955,2017-06-14
48,77,1510790400.0,5.054,6.068,2017-11-16
49,77,1513382400.0,36.009,45.08,2017-12-16
50,77,1499472000.0,10.823,11.417,2017-07-08
51,77,1495929600.0,1.302,1.439,2017-05-28
52,77,1490227200.0,2.582,2.896,2017-03-23
53,77,1488326400.0,3.309,3.691,2017-03-01
54,77,1494720000.0,1.555,1.824,2017-05-14
55,77,1505952000.0,1.764,2.022,2017-09-21
56,77,1511136000.0,15.818,17.581,2017-11-20
57,77,1486339200.0,0.901,1.096,2017-02-06
58,77,1506988800.0,1.682,1.873,2017-10-03
59,77,1512345600.0,3.618,3.898,2017-12-04
60,77,1489708800.0,2.595,2.96,2017-03-17
61,77,1489795200.0,1.915,2.223,2017-03-18
62,77,1508889600.0,4.336,4.837,2017-10-25
63,77,1509494400.0,4.179,4.718,2017-11-01
64,77,1490054400.0,2.098,2.479,2017-03-21
65,77,1490918400.0,2.833,3.136,2017-03-31
66,77,1485216000.0,1.976,2.156,2017-01-24
67,77,1495238400.0,1.271,1.446,2017-05-20
68,77,1493424000.0,1.024,1.159,2017-04-29
69,77,1505001600.0,9.099,10.188,2017-09-10
70,77,1513728000.0,5.398,6.723,2017-12-20
71,77,1505174400.0,4.844,5.405,2017-09-12
72,77,1484179200.0,20.825,24.241,2017-01-12
73,77,1502582400.0,2.041,2.365,2017-08-13
74,77,1485561600.0,21.493,24.95,2017-01-28
75,77,1496361600.0,2.46,2.794,2017-06-02
76,77,1485907200.0,47.74,63.434,2017-02-01
77,77,1494547200.0,1.764,2.114,2017-05-12
78,77,1509148800.0,3.389,3.789,2017-10-28
79,77,1498262400.0,1.045,1.254,2017-06-24
80,77,1508976000.0,6.616,7.422,2017-10-26
81,77,1514419200.0,9.466,10.85,2017-12-28
82,77,1497830400.0,0.449,0.533,2017-06-19
83,77,1504310400.0,20.733,22.732,2017-09-02
84,77,1490140800.0,1.049,1.607,2017-03-22
85,77,1485475200.0,6.376,7.239,2017-01-27
86,77,1489363200.0,0.345,0.44,2017-03-13
87,77,1493510400.0,1.35,1.507,2017-04-30
88,77,1485129600.0,0.894,0.94,2017-01-23
89,77,1496534400.0,3.73,4.054,2017-06-04
90,77,1484870400.0,33.64,44.767,2017-01-20
91,77,1492905600.0,1.523,1.731,2017-04-23
92,77,1489017600.0,0.387,0.498,2017-03-09
93,77,1492560000.0,1.778,2.014,2017-04-19
94,77,1513900800.0,9.261,10.114,2017-12-22
95,77,1495756800.0,1.469,1.715,2017-05-26
96,77,1502150400.0,18.695,21.258,2017-08-08
97,77,1504569600.0,29.706,36.502,2017-09-05
98,77,1492819200.0,1.846,2.151,2017-04-22
99,77,1488585600.0,0.854,1.052,2017-03-04
100,77,1500422400.0,7.12,8.309,2017-07-19
101,77,1486684800.0,1.107,1.293,2017-02-10
102,77,1488240000.0,1.583,1.927,2017-02-28
103,77,1501718400.0,18.832,20.179,2017-08-03
104,77,1513036800.0,63.978,87.328,2017-12-12
105,77,1485388800.0,7.125,8.05,2017-01-26
106,77,1507420800.0,1.348,1.578,2017-10-08
107,77,1506384000.0,4.989,5.391,2017-09-26
108,77,1485993600.0,45.276,59.076,2017-02-02
109,77,1510531200.0,9.728,10.678,2017-11-13
110,77,1501113600.0,3.742,4.063,2017-07-27
111,77,1500336000.0,8.473,9.144,2017-07-18
112,77,1486598400.0,0.371,0.452,2017-02-09
113,77,1493942400.0,1.991,2.297,2017-05-05
114,77,1509321600.0,1.613,1.822,2017-10-30
115,77,1513209600.0,44.217,57.069,2017-12-14
116,77,1494201600.0,4.359,4.875,2017-05-08
117,77,1484265600.0,35.614,42.594,2017-01-13
118,77,1505692800.0,9.494,10.429,2017-09-18
119,77,1500768000.0,12.94,13.957,2017-07-23
120,77,1490400000.0,2.997,3.318,2017-03-25
121,77,1504137600.0,4.589,5.069,2017-08-31
122,77,1513987200.0,5.506,6.037,2017-12-23
123,77,1509062400.0,2.891,3.25,2017-10-27
124,77,1510185600.0,7.517,8.172,2017-11-09
125,77,1491004800.0,0.981,0.616,2017-04-01
126,77,1494633600.0,1.744,2.291,2017-05-13
127,77,1511222400.0,14.734,16.991,2017-11-21
128,77,1498608000.0,2.526,2.777,2017-06-28
129,77,1507334400.0,1.593,1.78,2017-10-07
130,77,1511654400.0,6.191,6.842,2017-11-26
131,77,1503273600.0,2.118,2.43,2017-08-21
132,77,1487548800.0,0.493,0.582,2017-02-20
133,77,1501804800.0,28.398,33.883,2017-08-04
134,77,1504051200.0,8.973,9.812,2017-08-30
135,77,1487289600.0,3.622,4.307,2017-02-17
136,77,1504396800.0,18.776,20.248,2017-09-03
137,77,1512000000.0,21.223,23.572,2017-11-30
138,77,1511827200.0,2.535,2.701,2017-11-28
139,77,1483574400.0,5.895,6.616,2017-01-05
140,77,1491436800.0,1.986,2.256,2017-04-06
141,77,1498348800.0,1.235,1.441,2017-06-25
142,77,1507766400.0,17.58,21.84,2017-10-12
143,77,1501632000.0,12.04,12.832,2017-08-02
144,77,1485820800.0,59.543,80.295,2017-01-31
145,77,1492214400.0,1.069,1.24,2017-04-15
146,77,1485734400.0,57.383,74.628,2017-01-30
147,77,1507507200.0,1.053,1.194,2017-10-09
148,77,1494288000.0,4.406,4.87,2017-05-09
149,77,1499817600.0,16.087,17.077,2017-07-12
150,77,1501545600.0,10.507,11.206,2017-08-01
151,77,1512777600.0,23.114,26.886,2017-12-09
152,77,1483747200.0,31.287,36.61,2017-01-07
153,77,1509408000.0,3.903,4.272,2017-10-31
154,77,1499731200.0,8.861,9.396,2017-07-11
155,77,1504742400.0,40.006,49.046,2017-09-07
156,77,1488153600.0,1.358,1.621,2017-02-27
157,77,1514332800.0,14.325,16.63,2017-12-27
158,77,1485648000.0,38.791,47.238,2017-01-29
159,77,1496275200.0,2.925,3.287,2017-06-01
160,77,1489449600.0,0.481,0.576,2017-03-14
161,77,1498089600.0,4.953,5.319,2017-06-22
162,77,1510963200.0,2.377,2.537,2017-11-18
163,77,1512950400.0,35.842,45.624,2017-12-11
164,77,1493769600.0,1.544,1.813,2017-05-03
165,77,1483401600.0,15.004,17.029,2017-01-03
166,77,1490832000.0,2.469,2.791,2017-03-30
167,77,1486857600.0,0.845,1.01,2017-02-12
168,77,1512604800.0,11.677,13.007,2017-12-07
169,77,1497916800.0,0.828,0.905,2017-06-20
170,77,1490659200.0,1.875,2.07,2017-03-28
171,77,1493596800.0,0.585,0.745,2017-05-01
172,77,1498176000.0,0.513,0.689,2017-06-23
173,77,1488067200.0,2.355,2.781,2017-02-26
174,77,1500076800.0,8.544,9.044,2017-07-15
175,77,1489536000.0,0.629,0.826,2017-03-15
176,77,1509753600.0,2.872,3.216,2017-11-04
177,77,1487462400.0,0.662,0.753,2017-02-19
178,77,1498694400.0,2.991,3.28,2017-06-29
179,77,1489190400.0,2.0,2.265,2017-03-11
180,77,1511913600.0,14.335,15.731,2017-11-29
181,77,1488758400.0,0.558,0.644,2017-03-06
182,77,1511395200.0,2.064,2.213,2017-11-23
183,77,1490572800.0,1.038,1.146,2017-03-27
184,77,1506297600.0,3.458,3.711,2017-09-25
185,77,1497571200.0,1.351,1.573,2017-06-16
186,77,1505347200.0,0.398,0.279,2017-09-14
187,77,1504483200.0,13.479,14.617,2017-09-04
188,77,1490313600.0,4.585,5.147,2017-03-24
189,77,1498953600.0,3.46,3.757,2017-07-02
190,77,1486512000.0,0.499,0.484,2017-02-08
191,77,1505088000.0,6.807,7.57,2017-09-11
192,77,1495584000.0,1.409,1.593,2017-05-24
193,77,1513123200.0,61.485,83.641,2017-12-13
194,77,1493337600.0,2.097,2.395,2017-04-28
195,77,1486771200.0,5.158,5.724,2017-02-11
196,77,1491091200.0,1.134,1.291,2017-04-02
197,77,1490486400.0,2.565,2.913,2017-03-26
198,77,1487721600.0,1.905,2.224,2017-02-22
199,77,1502668800.0,8.288,9.106,2017-08-14
200,77,1486080000.0,18.666,22.863,2017-02-03
201,77,1508716800.0,0.815,0.968,2017-10-23
202,77,1487808000.0,0.76,0.933,2017-02-23
203,77,1498521600.0,3.703,4.399,2017-06-27
204,77,1508198400.0,6.204,6.863,2017-10-17
205,77,1494115200.0,2.32,2.625,2017-05-07
206,77,1495324800.0,1.224,1.367,2017-05-21
207,77,1501286400.0,2.933,3.187,2017-07-29
208,77,1507593600.0,1.13,1.267,2017-10-10
209,77,1512086400.0,35.652,41.224,2017-12-01
210,77,1496102400.0,3.039,3.293,2017-05-30
211,77,1494028800.0,1.716,1.968,2017-05-06
212,77,1498867200.0,2.645,2.858,2017-07-01
213,77,1508025600.0,2.136,2.32,2017-10-15
214,77,1495411200.0,1.48,1.631,2017-05-22
215,77,1503878400.0,9.143,10.146,2017-08-28
216,77,1502928000.0,9.784,10.804,2017-08-17
217,77,1491350400.0,1.394,1.606,2017-04-05
218,77,1503532800.0,0.872,1.061,2017-08-24
219,77,1514592000.0,4.149,4.542,2017-12-30
220,77,1511740800.0,1.764,2.217,2017-11-27
221,77,1494460800.0,3.041,3.387,2017-05-11
222,77,1492041600.0,2.798,3.352,2017-04-13
223,77,1491177600.0,2.145,2.463,2017-04-03
224,77,1510704000.0,3.224,3.501,2017-11-15
225,77,1489104000.0,0.647,0.808,2017-03-10
226,77,1489881600.0,2.101,2.481,2017-03-19
227,77,1505606400.0,20.535,22.648,2017-09-17
228,77,1512432000.0,5.164,5.561,2017-12-05
229,77,1513641600.0,9.649,10.736,2017-12-19
230,77,1505520000.0,29.012,32.816,2017-09-16
231,77,1488931200.0,0.526,0.62,2017-03-08
232,77,1510358400.0,8.743,9.75,2017-11-11
233,77,1512691200.0,23.531,26.236,2017-12-08
234,77,1484784000.0,36.96,47.08,2017-01-19
235,77,1492646400.0,3.315,3.687,2017-04-20
236,77,1484006400.0,1.106,1.194,2017-01-10
237,77,1498435200.0,1.536,1.697,2017-06-26
238,77,1492128000.0,0.818,1.056,2017-04-14
239,77,1500681600.0,11.346,12.21,2017-07-22
240,77,1483920000.0,0.959,1.016,2017-01-09
241,77,1507248000.0,2.672,2.975,2017-10-06
242,77,1509580800.0,3.167,3.573,2017-11-02
243,77,1499212800.0,7.844,8.346,2017-07-05
244,77,1494979200.0,0.693,0.801,2017-05-17
245,77,1484352000.0,31.564,37.569,2017-01-14
246,77,1510272000.0,13.053,14.993,2017-11-10
247,77,1503100800.0,5.921,6.425,2017-08-19
248,77,1496188800.0,3.364,3.809,2017-05-31
249,77,1504915200.0,10.421,11.745,2017-09-09
250,77,1511308800.0,3.103,3.375,2017-11-22
251,77,1501977600.0,24.755,28.997,2017-08-06
252,77,1507680000.0,1.348,1.554,2017-10-11
253,77,1508630400.0,0.617,0.705,2017-10-22
254,77,1486252800.0,2.432,2.784,2017-02-05
255,77,1503360000.0,3.535,3.958,2017-08-22
256,77,1497657600.0,0.723,0.774,2017-06-17
257,77,1505433600.0,9.923,11.661,2017-09-15
258,77,1495065600.0,1.526,1.661,2017-05-18
259,77,1509235200.0,2.245,2.512,2017-10-29
260,77,1483228800.0,43.52,56.609,2017-01-01
261,77,1512518400.0,14.377,15.669,2017-12-06
262,77,1501459200.0,7.292,7.722,2017-07-31
263,77,1495670400.0,1.362,1.618,2017-05-25
264,77,1499126400.0,5.678,6.074,2017-07-04
265,77,1497225600.0,1.27,1.687,2017-06-12
266,77,1508371200.0,6.88,7.731,2017-10-19
267,77,1508803200.0,2.439,2.711,2017-10-24
268,77,1506643200.0,3.366,3.638,2017-09-29
269,77,1487894400.0,0.812,0.952,2017-02-24
270,77,1511568000.0,2.271,2.444,2017-11-25
271,77,1501372800.0,4.78,5.126,2017-07-30
272,77,1492473600.0,1.12,1.346,2017-04-18
273,77,1484697600.0,41.969,53.071,2017-01-18
274,77,1489276800.0,1.75,1.991,2017-03-12
275,77,1507161600.0,2.309,2.547,2017-10-05
276,77,1502409600.0,3.204,3.59,2017-08-11
277,77,1503705600.0,1.987,2.241,2017-08-26
278,77,1514246400.0,15.416,18.423,2017-12-26
279,77,1506729600.0,2.586,2.819,2017-09-30
280,77,1493164800.0,0.747,0.896,2017-04-26
281,77,1506816000.0,2.446,2.716,2017-10-01
282,77,1514505600.0,9.399,10.999,2017-12-29
283,77,1486944000.0,7.526,8.275,2017-02-13
284,77,1503014400.0,8.627,9.488,2017-08-18
285,77,1507852800.0,16.027,18.2,2017-10-13
286,77,1509667200.0,1.621,1.897,2017-11-03
287,77,1491955200.0,4.581,5.189,2017-04-12
288,77,1507939200.0,5.188,5.884,2017-10-14
289,77,1506038400.0,2.814,3.136,2017-09-22
290,77,1497744000.0,0.284,0.359,2017-06-18
291,77,1494374400.0,3.443,3.877,2017-05-10
292,77,1499040000.0,5.059,5.483,2017-07-03
293,77,1513814400.0,4.178,4.438,2017-12-21
294,77,1494806400.0,2.132,2.499,2017-05-15
295,77,1503187200.0,5.334,5.86,2017-08-20
296,77,1494892800.0,1.343,1.64,2017-05-16
297,77,1495843200.0,0.628,0.735,2017-05-27
298,77,1493251200.0,0.478,0.586,2017-04-27
299,77,1488672000.0,0.828,1.199,2017-03-05
300,77,1506211200.0,3.302,3.594,2017-09-24
301,77,1492300800.0,2.736,3.068,2017-04-16
302,77,1504656000.0,40.639,51.711,2017-09-06
303,77,1514678400.0,6.583,7.197,2017-12-31
304,77,1502064000.0,23.1,27.407,2017-08-07
305,77,1489968000.0,3.108,3.531,2017-03-20
306,77,1503446400.0,1.793,2.026,2017-08-23
307,77,1496620800.0,4.434,5.073,2017-06-05
308,77,1495152000.0,0.847,0.965,2017-05-19
309,77,1487635200.0,0.373,0.434,2017-02-21
310,77,1500508800.0,2.952,3.252,2017-07-20
311,77,1502841600.0,7.612,8.363,2017-08-16
312,77,1502755200.0,9.176,10.172,2017-08-15
313,77,1508284800.0,9.665,10.952,2017-10-18
314,77,1500854400.0,7.286,7.902,2017-07-24
315,77,1484092800.0,0.608,0.726,2017-01-11
316,77,1487116800.0,15.932,18.248,2017-02-15
317,77,1483315200.0,24.38,30.779,2017-01-02
318,77,1484611200.0,30.548,36.709,2017-01-17
319,77,1488499200.0,2.494,2.819,2017-03-03
320,77,1512259200.0,8.85,10.519,2017-12-03
321,77,1508112000.0,6.117,6.756,2017-10-16
322,77,1484524800.0,27.361,32.056,2017-01-16
323,77,1500940800.0,3.471,3.818,2017-07-25
324,77,1499990400.0,12.297,13.081,2017-07-14
325,77,1510444800.0,2.987,3.218,2017-11-12
326,77,1499904000.0,15.065,16.021,2017-07-13
327,77,1491696000.0,1.357,1.588,2017-04-09
328,77,1485302400.0,5.219,5.693,2017-01-25
329,77,1500249600.0,6.4,6.859,2017-07-17
330,77,1510099200.0,4.663,5.069,2017-11-08
331,77,1501891200.0,16.529,17.968,2017-08-05
332,77,1502323200.0,4.999,5.6,2017-08-10
333,77,1483660800.0,6.354,6.992,2017-01-06
334,77,1487376000.0,0.763,0.899,2017-02-18
335,77,1501200000.0,3.646,3.96,2017-07-28
336,77,1510012800.0,3.748,4.073,2017-11-07
337,77,1512172800.0,25.932,30.02,2017-12-02
338,77,1506124800.0,5.335,5.76,2017-09-23
339,77,1506902400.0,0.566,0.658,2017-10-02
340,77,1496448000.0,1.557,1.752,2017-06-03
341,77,1497484800.0,2.992,3.22,2017-06-15
342,77,1483488000.0,11.675,13.368,2017-01-04
343,77,1495497600.0,1.68,1.845,2017-05-23
344,77,1508544000.0,0.579,0.642,2017-10-21
345,77,1491264000.0,1.684,1.988,2017-04-04
346,77,1510876800.0,2.481,2.86,2017-11-17
347,77,1488412800.0,1.217,1.396,2017-03-02
348,77,1504828800.0,11.443,12.698,2017-09-08
349,77,1513296000.0,27.033,32.061,2017-12-15
350,77,1484956800.0,3.47,3.942,2017-01-21
351,77,1483833600.0,42.14,50.942,2017-01-08
352,77,1496707200.0,3.046,3.45,2017-06-06
353,77,1496016000.0,2.293,2.505,2017-05-29
354,77,1487203200.0,7.89,9.073,2017-02-16
355,77,1486425600.0,0.796,0.917,2017-02-07
356,77,1502496000.0,1.425,1.663,2017-08-12
357,77,1500163200.0,10.286,10.87,2017-07-16
358,77,1513555200.0,15.139,16.828,2017-12-18
359,443,1501113600.0,3.7385,4.478999999999999,2017-07-27
360,443,1509667200.0,2.8695000000000004,3.5135,2017-11-03
361,443,1487980800.0,0.9935,1.309,2017-02-25
362,443,1506297600.0,4.507,5.416,2017-09-25
363,443,1486684800.0,4.6305,5.747,2017-02-10
364,443,1489795200.0,4.545,5.4585,2017-03-18
365,443,1510790400.0,7.6305,9.981,2017-11-16
366,443,1502928000.0,11.794,13.901,2017-08-17
367,443,1484438400.0,18.271,22.149,2017-01-15
368,443,1489536000.0,2.0164999999999997,2.5265000000000004,2017-03-15
369,443,1509062400.0,3.082,3.721,2017-10-27
370,443,1487376000.0,0.616,0.8625,2017-02-18
371,443,1509321600.0,3.896,4.7235,2017-10-30
372,443,1503014400.0,9.3675,11.0125,2017-08-18
373,443,1510444800.0,6.2615,7.301500000000001,2017-11-12
374,443,1507161600.0,3.8265000000000002,4.547499999999999,2017-10-05
375,443,1493424000.0,2.002,1.9925000000000002,2017-04-29
376,443,1485475200.0,11.4235,14.0005,2017-01-27
377,443,1514678400.0,2.2175000000000002,2.6395,2017-12-31
378,443,1496188800.0,3.851,4.577999999999999,2017-05-31
379,443,1503705600.0,3.1734999999999998,3.7755,2017-08-26
380,443,1509148800.0,4.9399999999999995,5.914,2017-10-28
381,443,1507939200.0,2.319,2.8825,2017-10-14
382,443,1491436800.0,1.5935000000000001,1.971,2017-04-06
383,443,1486944000.0,3.346,4.1,2017-02-13
384,443,1502064000.0,32.562,41.3215,2017-08-07
385,443,1513814400.0,0.6085,0.7625,2017-12-21
386,443,1492560000.0,2.096,2.649,2017-04-19
387,443,1495324800.0,2.3635,2.798,2017-05-21
388,443,1500595200.0,5.818,6.885,2017-07-21
389,443,1494115200.0,2.3205,2.7969999999999997,2017-05-07
390,443,1501459200.0,10.848500000000001,12.4665,2017-07-31
391,443,1495843200.0,1.3679999999999999,1.733,2017-05-27
392,443,1495929600.0,2.2645,2.6719999999999997,2017-05-28
393,443,1503273600.0,7.2945,8.589500000000001,2017-08-21
394,443,1490054400.0,1.9585,2.5084999999999997,2017-03-21
395,443,1487894400.0,0.457,0.6499999999999999,2017-02-24
396,443,1493510400.0,3.372,3.997,2017-04-30
397,443,1487721600.0,1.622,1.948,2017-02-22
398,443,1491609600.0,0.6905,1.023,2017-04-08
399,443,1514246400.0,44.786,56.111000000000004,2017-12-26
400,443,1504656000.0,54.5,68.6695,2017-09-06
401,443,1483401600.0,12.2365,15.453,2017-01-03
402,443,1484611200.0,10.276499999999999,12.571,2017-01-17
403,443,1489968000.0,6.205,7.497,2017-03-20
404,443,1501545600.0,11.1835,12.7915,2017-08-01
405,443,1508889600.0,5.3705,6.519,2017-10-25
406,443,1500249600.0,11.469999999999999,13.1485,2017-07-17
407,443,1494633600.0,1.6400000000000001,2.3025,2017-05-13
408,443,1508630400.0,2.5065,2.9505,2017-10-22
409,443,1501977600.0,29.689,37.650000000000006,2017-08-06
410,443,1507075200.0,0.7689999999999999,1.0234999999999999,2017-10-04
411,443,1491264000.0,1.1575,1.5385,2017-04-04
412,443,1497139200.0,1.3395000000000001,1.751,2017-06-11
413,443,1485648000.0,23.002000000000002,27.664,2017-01-29
414,443,1507766400.0,14.814,18.6705,2017-10-12
415,443,1501891200.0,19.3855,23.5785,2017-08-05
416,443,1510099200.0,3.442,4.147,2017-11-08
417,443,1492387200.0,3.3025,3.99,2017-04-17
418,443,1485993600.0,48.7435,63.0315,2017-02-02
419,443,1499904000.0,15.2305,17.545499999999997,2017-07-13
420,443,1505347200.0,0.6719999999999999,0.9390000000000001,2017-09-14
421,443,1488672000.0,0.59,0.9099999999999999,2017-03-05
422,443,1493942400.0,5.586,6.9085,2017-05-05
423,443,1500681600.0,16.322,19.1355,2017-07-22
424,443,1509235200.0,9.815999999999999,11.7965,2017-10-29
425,443,1505606400.0,18.6635,21.840000000000003,2017-09-17
426,443,1504915200.0,12.6205,14.962,2017-09-09
427,443,1495584000.0,2.3289999999999997,2.7775,2017-05-24
428,443,1490140800.0,1.3940000000000001,2.0275,2017-03-22
429,443,1508284800.0,14.5,17.197,2017-10-18
430,443,1486512000.0,1.81,2.1875,2017-02-08
431,443,1508976000.0,7.246,8.630500000000001,2017-10-26
432,443,1491004800.0,0.234,0.378,2017-04-01
433,443,1490227200.0,0.9395,1.2085,2017-03-23
434,443,1495238400.0,2.3205,2.8360000000000003,2017-05-20
435,443,1505433600.0,12.6745,15.474499999999999,2017-09-15
436,443,1509408000.0,2.1390000000000002,2.6285,2017-10-31
437,443,1505001600.0,11.986,14.221499999999999,2017-09-10
438,443,1502668800.0,14.3385,16.912,2017-08-14
439,443,1484179200.0,4.758,5.856,2017-01-12
440,443,1493856000.0,3.432,4.2135,2017-05-04
441,443,1513641600.0,13.6695,16.1395,2017-12-19
442,443,1507593600.0,1.809,2.2590000000000003,2017-10-10
443,443,1509580800.0,3.701,4.492,2017-11-02
444,443,1488931200.0,0.477,0.741,2017-03-08
445,443,1506988800.0,0.73,0.98,2017-10-03
446,443,1491782400.0,0.9735,1.2930000000000001,2017-04-10
447,443,1486425600.0,3.1545,3.846,2017-02-07
448,443,1504483200.0,15.972,18.5965,2017-09-04
449,443,1503446400.0,2.1405000000000003,2.6414999999999997,2017-08-23
450,443,1494460800.0,5.6795,6.6955,2017-05-11
451,443,1491091200.0,3.471,4.1705000000000005,2017-04-02
452,443,1496534400.0,4.18,4.9995,2017-06-04
453,443,1507248000.0,3.715,4.4705,2017-10-06
454,443,1488412800.0,1.3555000000000001,1.729,2017-03-02
455,443,1496275200.0,3.758,4.5585,2017-06-01
456,443,1500508800.0,4.5600000000000005,5.4635,2017-07-20
457,443,1489622400.0,2.2645,2.8555,2017-03-16
458,443,1500163200.0,9.8315,11.218499999999999,2017-07-16
459,443,1490659200.0,2.667,2.8015,2017-03-28
460,443,1489449600.0,1.5675,2.0085,2017-03-14
461,443,1500422400.0,11.309000000000001,12.933,2017-07-19
462,443,1483920000.0,20.208,25.3275,2017-01-09
463,443,1487289600.0,13.4795,16.394,2017-02-17
464,443,1507334400.0,3.6624999999999996,4.4475,2017-10-07
465,443,1505952000.0,0.5589999999999999,0.8109999999999999,2017-09-21
466,443,1484784000.0,48.7975,62.998000000000005,2017-01-19
467,443,1495065600.0,1.045,1.3045,2017-05-18
468,443,1508716800.0,3.0445,3.6985,2017-10-23
469,443,1500336000.0,9.2045,10.6525,2017-07-18
470,443,1494720000.0,2.6995,3.271,2017-05-14
471,443,1503878400.0,12.588000000000001,14.925,2017-08-28
472,443,1504828800.0,14.169,16.8485,2017-09-08
473,443,1511049600.0,4.891,5.853999999999999,2017-11-19
474,443,1509840000.0,1.5474999999999999,1.92,2017-11-05
475,443,1485129600.0,1.7865,2.0075,2017-01-23
476,443,1504224000.0,13.0615,15.222999999999999,2017-09-01
477,443,1494547200.0,3.5620000000000003,4.399,2017-05-12
478,443,1502496000.0,2.6355,3.268,2017-08-12
479,443,1489104000.0,2.145,2.708,2017-03-10
480,443,1505865600.0,1.57,1.9565,2017-09-20
481,443,1504742400.0,48.375,61.5835,2017-09-07
482,443,1484956800.0,4.7275,5.8285,2017-01-21
483,443,1491177600.0,3.071,3.766,2017-04-03
484,443,1496707200.0,3.8064999999999998,4.5905000000000005,2017-06-06
485,443,1493769600.0,1.967,2.4284999999999997,2017-05-03
486,443,1504396800.0,23.284,27.442999999999998,2017-09-03
487,443,1490486400.0,2.969,3.675,2017-03-26
488,443,1494374400.0,3.3075,4.0265,2017-05-10
489,443,1503187200.0,8.293500000000002,9.7075,2017-08-20
490,443,1508544000.0,1.53,1.856,2017-10-21
491,443,1504051200.0,8.574,10.0435,2017-08-30
492,443,1508198400.0,8.823,10.658999999999999,2017-10-17
493,443,1492992000.0,1.7845,2.325,2017-04-24
494,443,1508025600.0,3.254,3.879,2017-10-15
495,443,1495411200.0,4.077500000000001,4.7515,2017-05-22
496,443,1508112000.0,8.2325,9.8155,2017-10-16
497,443,1504569600.0,34.452,44.025,2017-09-05
498,443,1509753600.0,6.019,7.073,2017-11-04
499,443,1495756800.0,0.436,0.597,2017-05-26
500,443,1499990400.0,13.465499999999999,15.452,2017-07-14
501,443,1488844800.0,0.6275,0.8455,2017-03-07
502,443,1505174400.0,5.88,7.178,2017-09-12
503,443,1510358400.0,13.5125,16.0595,2017-11-11
504,443,1484870400.0,37.796,49.6845,2017-01-20
505,443,1510704000.0,3.073,3.7195,2017-11-15
506,443,1492819200.0,1.8215,2.294,2017-04-22
507,443,1489363200.0,1.791,2.246,2017-03-13
508,443,1508803200.0,2.8305,3.3965,2017-10-24
509,443,1496880000.0,2.502,3.227,2017-06-08
510,443,1510617600.0,16.4095,19.436500000000002,2017-11-14
511,443,1513728000.0,10.684,12.806000000000001,2017-12-20
512,443,1488499200.0,1.7770000000000001,2.233,2017-03-03
513,443,1485388800.0,9.064,11.092500000000001,2017-01-26
514,443,1502323200.0,8.5715,10.394,2017-08-10
515,443,1486252800.0,7.118,8.308499999999999,2017-02-05
516,443,1484697600.0,7.361000000000001,11.7895,2017-01-18
517,443,1492214400.0,0.802,1.093,2017-04-15
518,443,1503100800.0,6.6259999999999994,7.835,2017-08-19
519,443,1505088000.0,9.273,11.014,2017-09-11
520,443,1484265600.0,6.5440000000000005,7.843999999999999,2017-01-13
521,443,1506038400.0,1.552,1.9795,2017-09-22
522,443,1491523200.0,0.6859999999999999,0.9855,2017-04-07
523,443,1513987200.0,3.4205,4.0385,2017-12-23
524,443,1487030400.0,8.4225,9.91,2017-02-14
525,443,1510531200.0,11.763,13.819500000000001,2017-11-13
526,443,1488153600.0,2.939,3.2485000000000004,2017-02-27
527,443,1488240000.0,1.884,2.4074999999999998,2017-02-28
528,443,1490918400.0,0.26649999999999996,0.38,2017-03-31
529,443,1506211200.0,5.843,6.9595,2017-09-24
530,443,1513555200.0,16.0445,18.731,2017-12-18
531,443,1488585600.0,2.4194999999999998,2.9545000000000003,2017-03-04
532,443,1484006400.0,2.5835,2.996,2017-01-10
533,443,1510012800.0,1.8485,2.2455,2017-11-07
534,443,1509926400.0,3.2279999999999998,3.8725,2017-11-06
535,443,1506556800.0,3.2455,3.7775,2017-09-28
536,443,1489881600.0,4.1405,4.9864999999999995,2017-03-19
537,443,1504137600.0,6.7575,8.0405,2017-08-31
538,443,1510272000.0,16.0045,18.808,2017-11-10
539,443,1496102400.0,3.3680000000000003,3.9635,2017-05-30
540,443,1489708800.0,4.1315,5.095,2017-03-17
541,443,1497225600.0,2.0999999999999996,2.9585,2017-06-12
542,443,1502755200.0,9.46,11.138000000000002,2017-08-15
543,443,1488326400.0,0.9810000000000001,1.2125,2017-03-01
544,443,1494892800.0,1.0025,1.3265,2017-05-16
545,443,1490572800.0,1.4209999999999998,1.776,2017-03-27
546,443,1493596800.0,2.45,3.0205,2017-05-01
547,443,1507507200.0,1.48,1.8225,2017-10-09
548,443,1493078400.0,1.377,1.6245,2017-04-25
549,443,1510185600.0,10.0855,11.870000000000001,2017-11-09
550,443,1486771200.0,8.1605,9.1485,2017-02-11
551,443,1514073600.0,2.3935000000000004,2.8985,2017-12-24
552,443,1510876800.0,1.2285,1.5285000000000002,2017-11-17
553,443,1487808000.0,0.693,0.9710000000000001,2017-02-23
554,443,1492041600.0,3.196,4.0435,2017-04-13
555,443,1485561600.0,14.972000000000001,17.97,2017-01-28
556,443,1487635200.0,0.33699999999999997,0.5215000000000001,2017-02-21
557,443,1503964800.0,11.4315,13.3885,2017-08-29
558,443,1509494400.0,8.4835,10.0435,2017-11-01
559,443,1514592000.0,19.249499999999998,23.052,2017-12-30
560,443,1514419200.0,22.383499999999998,26.2565,2017-12-28
561,443,1485820800.0,35.837,45.7385,2017-01-31
562,443,1496793600.0,4.4915,5.462999999999999,2017-06-07
563,443,1497052800.0,1.5335,2.101,2017-06-10
564,443,1507852800.0,10.2515,12.367999999999999,2017-10-13
565,443,1492905600.0,4.9704999999999995,5.9585,2017-04-23
566,443,1505260800.0,3.399,4.291,2017-09-13
567,443,1484352000.0,15.579500000000001,18.474,2017-01-14
568,443,1486080000.0,49.7585,65.6815,2017-02-03
569,443,1496966400.0,2.9465,3.848,2017-06-09
570,443,1507680000.0,2.4555,3.051,2017-10-11
571,443,1491696000.0,1.028,1.2515,2017-04-09
572,443,1506729600.0,4.3595,5.146000000000001,2017-09-30
573,443,1505520000.0,25.3435,29.924,2017-09-16
574,443,1500768000.0,12.684000000000001,14.879,2017-07-23
575,443,1488067200.0,2.243,2.884,2017-02-26
576,443,1506384000.0,3.036,3.6189999999999998,2017-09-26
577,443,1502841600.0,8.0565,9.5535,2017-08-16
578,443,1483488000.0,19.3675,23.482999999999997,2017-01-04
579,443,1495152000.0,0.4585,0.6305000000000001,2017-05-19
580,443,1490745600.0,2.645,3.15,2017-03-29
581,443,1501372800.0,6.059,7.073,2017-07-30
582,443,1485302400.0,3.108,3.913,2017-01-25
583,443,1493683200.0,1.8115,2.3085,2017-05-02
584,443,1514332800.0,24.9225,29.848,2017-12-27
585,443,1485907200.0,34.3295,43.199,2017-02-01
586,443,1486857600.0,1.5255,1.7950000000000002,2017-02-12
587,443,1500854400.0,11.305,13.243,2017-07-24
588,443,1493251200.0,0.7075,0.9159999999999999,2017-04-27
589,443,1506902400.0,1.7675,2.158,2017-10-02
590,443,1487203200.0,12.802,15.4795,2017-02-16
591,443,1492732800.0,0.8855,1.1480000000000001,2017-04-21
592,443,1494806400.0,2.9665,3.6395,2017-05-15
593,443,1485216000.0,0.4645,0.6705,2017-01-24
594,443,1505779200.0,2.745,3.3945,2017-09-19
595,443,1506643200.0,2.708,3.178,2017-09-29
596,443,1483574400.0,1.3575,1.8464999999999998,2017-01-05
597,443,1483833600.0,35.2795,42.9695,2017-01-08
598,443,1495670400.0,2.065,2.558,2017-05-25
599,443,1488758400.0,0.447,0.656,2017-03-06
600,443,1484524800.0,9.1755,11.370999999999999,2017-01-16
601,443,1507420800.0,2.0735,2.5775,2017-10-08
602,443,1485734400.0,28.365499999999997,34.849,2017-01-30
603,443,1502236800.0,16.4665,19.7335,2017-08-09
604,443,1494979200.0,0.9755,1.153,2017-05-17
605,443,1503792000.0,9.716000000000001,11.4205,2017-08-27
606,443,1483747200.0,5.6875,6.7695,2017-01-07
607,443,1492300800.0,5.8515,7.029,2017-04-16
608,443,1501200000.0,4.5005,5.3260000000000005,2017-07-28
609,443,1487116800.0,12.809999999999999,15.357500000000002,2017-02-15
610,443,1508457600.0,5.545,6.714499999999999,2017-10-20
611,443,1494201600.0,4.855,5.909000000000001,2017-05-08
612,443,1483660800.0,2.0149999999999997,2.6105,2017-01-06
613,443,1510963200.0,2.4779999999999998,2.9915000000000003,2017-11-18
614,443,1486339200.0,2.2640000000000002,2.876,2017-02-06
615,443,1490313600.0,7.9085,9.4465,2017-03-24
616,443,1489190400.0,4.587999999999999,5.556,2017-03-11
617,443,1502409600.0,11.630500000000001,13.861,2017-08-11
618,443,1486166400.0,8.288,10.0695,2017-02-04
619,443,1491868800.0,6.143,7.577999999999999,2017-04-11
620,443,1501718400.0,29.7135,38.362,2017-08-03
621,443,1483228800.0,21.269,27.5925,2017-01-01
622,443,1496016000.0,4.73,5.4755,2017-05-29
623,443,1502582400.0,2.83,3.4635,2017-08-13
624,443,1487548800.0,0.6005,0.829,2017-02-20
625,443,1500076800.0,8.7605,10.129000000000001,2017-07-15
626,443,1503619200.0,5.8134999999999994,6.893000000000001,2017-08-25
627,443,1491350400.0,1.9915,2.443,2017-04-05
628,443,1506470400.0,2.6109999999999998,3.0805,2017-09-27
629,443,1493164800.0,0.4635,0.634,2017-04-26
630,443,1501632000.0,13.133,15.107,2017-08-02
631,443,1490832000.0,1.3825,1.8199999999999998,2017-03-30
632,443,1496448000.0,2.5490000000000004,3.032,2017-06-03
633,443,1494028800.0,2.7664999999999997,3.355,2017-05-06
634,443,1494288000.0,3.641,4.353999999999999,2017-05-09
635,443,1500940800.0,3.6390000000000002,4.3965,2017-07-25
636,443,1492128000.0,0.575,0.813,2017-04-14
637,443,1506124800.0,2.9015,3.484,2017-09-23
638,443,1504310400.0,24.6095,29.618000000000002,2017-09-02
639,443,1484092800.0,3.1855,3.77,2017-01-11
640,443,1503360000.0,9.0045,10.648,2017-08-22
641,443,1503532800.0,1.2525,1.577,2017-08-24
642,443,1505692800.0,12.282499999999999,14.434000000000001,2017-09-18
643,443,1501027200.0,4.191,4.943,2017-07-26
644,443,1501804800.0,30.89,39.177,2017-08-04
645,443,1491955200.0,4.127000000000001,5.1114999999999995,2017-04-12
646,443,1492473600.0,1.537,1.9755,2017-04-18
647,443,1514160000.0,21.8925,26.332500000000003,2017-12-25
648,443,1487462400.0,1.0015,1.3475000000000001,2017-02-19
649,443,1495497600.0,2.896,3.4435000000000002,2017-05-23
650,443,1489017600.0,2.3805,3.0185000000000004,2017-03-09
651,443,1496620800.0,5.6205,6.984,2017-06-05
652,443,1493337600.0,0.9235,1.1480000000000001,2017-04-28
653,443,1483315200.0,15.896,20.186,2017-01-02
654,443,1486598400.0,5.074999999999999,6.1145,2017-02-09
655,443,1511136000.0,11.545,13.554,2017-11-20
656,443,1514505600.0,19.5165,22.8855,2017-12-29
657,443,1501286400.0,4.914,5.769,2017-07-29
658,443,1489276800.0,4.0665000000000004,4.946,2017-03-12
659,443,1502150400.0,26.869500000000002,33.469,2017-08-08
660,443,1513900800.0,3.0945,3.7135,2017-12-22
661,443,1496361600.0,2.159,2.6695,2017-06-02
662,443,1508371200.0,9.966,11.959,2017-10-19
663,443,1506816000.0,1.9675,2.41,2017-10-01
664,443,1485043200.0,4.318,5.162,2017-01-22
665,443,1490400000.0,2.4595000000000002,2.9965,2017-03-25
666,443,1492646400.0,3.7925,4.6915,2017-04-20
667,525,1485734400.0,54.2245,67.3615,2017-01-30
668,525,1484438400.0,26.598,30.721,2017-01-15
669,525,1488326400.0,1.3935,1.6480000000000001,2017-03-01
670,525,1485388800.0,6.138,6.9350000000000005,2017-01-26
671,525,1484265600.0,26.692,30.4115,2017-01-13
672,525,1485475200.0,8.1875,9.389,2017-01-27
673,525,1487980800.0,1.355,1.6219999999999999,2017-02-25
674,525,1486080000.0,13.541,15.906500000000001,2017-02-03
675,525,1487808000.0,0.7,0.884,2017-02-23
676,525,1483833600.0,30.886000000000003,34.9755,2017-01-08
677,525,1487116800.0,21.148,23.8495,2017-02-15
678,525,1488153600.0,0.824,1.022,2017-02-27
679,525,1483920000.0,0.407,0.5489999999999999,2017-01-09
680,525,1486252800.0,2.081,2.3920000000000003,2017-02-05
681,525,1487721600.0,2.1455,2.4475,2017-02-22
682,525,1488067200.0,2.2385,2.5965,2017-02-26
683,525,1488240000.0,3.0465,3.546,2017-02-28
684,525,1484006400.0,0.4505,0.5569999999999999,2017-01-10
685,525,1485216000.0,0.347,0.48,2017-01-24
686,525,1488412800.0,1.169,1.365,2017-03-02
687,525,1487376000.0,0.7025,0.8280000000000001,2017-02-18
688,525,1486771200.0,4.176,4.814,2017-02-11
689,525,1485302400.0,2.0845000000000002,2.3785,2017-01-25
690,525,1484956800.0,2.152,2.5545,2017-01-21
691,525,1487030400.0,19.524500000000003,21.774,2017-02-14
692,525,1488585600.0,1.008,1.2080000000000002,2017-03-04
693,525,1484092800.0,0.3255,0.40349999999999997,2017-01-11
694,525,1486166400.0,0.8434999999999999,1.006,2017-02-04
695,525,1486598400.0,0.51,0.6895,2017-02-09
696,525,1485907200.0,40.39149999999999,48.725,2017-02-01
697,525,1484784000.0,25.811,30.9245,2017-01-19
698,525,1487289600.0,4.512499999999999,5.274,2017-02-17
699,525,1487203200.0,10.7425,12.223500000000001,2017-02-16
700,525,1487894400.0,0.5115000000000001,0.634,2017-02-24
701,525,1488758400.0,3.6224999999999996,5.2945,2017-03-06
702,525,1484870400.0,25.282,31.4125,2017-01-20
703,525,1487548800.0,0.401,0.5185,2017-02-20
704,525,1485820800.0,52.6285,66.501,2017-01-31
705,525,1485043200.0,1.667,1.948,2017-01-22
706,525,1487462400.0,0.47550000000000003,0.618,2017-02-19
707,525,1488499200.0,2.232,2.6185,2017-03-03
708,525,1485993600.0,38.0415,45.833,2017-02-02
709,525,1483747200.0,53.254000000000005,63.169,2017-01-07
710,525,1487635200.0,0.3325,0.456,2017-02-21
711,525,1488672000.0,0.7565,1.062,2017-03-05
712,525,1484697600.0,47.1485,56.967,2017-01-18
713,525,1484524800.0,25.856,29.6785,2017-01-16
714,525,1486339200.0,0.84,1.02,2017-02-06
715,525,1485648000.0,44.748,52.316500000000005,2017-01-29
716,525,1486857600.0,2.269,2.5380000000000003,2017-02-12
717,525,1484352000.0,27.6895,31.4715,2017-01-14
718,525,1484611200.0,34.6505,40.375,2017-01-17
719,525,1485129600.0,0.6595,0.831,2017-01-23
720,525,1485561600.0,19.1795,21.6755,2017-01-28
721,525,1486684800.0,0.78,0.9025000000000001,2017-02-10
722,525,1486512000.0,0.4355,0.5785,2017-02-08
723,525,1484179200.0,16.198,18.749499999999998,2017-01-12
724,525,1486425600.0,0.7675000000000001,0.9215,2017-02-07
725,525,1486944000.0,7.876,8.741999999999999,2017-02-13
726,984,1505260800.0,3.3055,4.018,2017-09-13
727,984,1513728000.0,2.467,3.0140000000000002,2017-12-20
728,984,1502323200.0,2.4785,2.9435000000000002,2017-08-10
729,984,1513123200.0,45.0155,60.3365,2017-12-13
730,984,1505174400.0,5.004,5.9215,2017-09-12
731,984,1488931200.0,0.3735,0.483,2017-03-08
732,984,1499731200.0,8.0245,8.747,2017-07-11
733,984,1505606400.0,15.986,18.195500000000003,2017-09-17
734,984,1512518400.0,8.824,10.0295,2017-12-06
735,984,1513296000.0,13.184999999999999,16.5685,2017-12-15
736,984,1508284800.0,11.693,13.839500000000001,2017-10-18
737,984,1510704000.0,1.3545,1.603,2017-11-15
738,984,1503619200.0,3.5285,4.0455,2017-08-25
739,984,1490918400.0,2.2915,2.6275,2017-03-31
740,984,1509235200.0,1.393,1.6400000000000001,2017-10-29
741,984,1510012800.0,2.9189999999999996,3.3529999999999998,2017-11-07
742,984,1488499200.0,1.4275,1.6865,2017-03-03
743,984,1507852800.0,10.529,12.431000000000001,2017-10-13
744,984,1510444800.0,1.6865,1.9105,2017-11-12
745,984,1512345600.0,0.9169999999999999,1.1004999999999998,2017-12-04
746,984,1487030400.0,13.163499999999999,15.360999999999999,2017-02-14
747,984,1486944000.0,6.573499999999999,7.4595,2017-02-13
748,984,1486684800.0,0.8305,0.974,2017-02-10
749,984,1511568000.0,1.0385,1.2280000000000002,2017-11-25
750,984,1504915200.0,9.4315,11.073,2017-09-09
751,984,1502841600.0,8.630500000000001,10.007,2017-08-16
752,984,1492128000.0,1.2335,1.5234999999999999,2017-04-14
753,984,1504224000.0,11.625,12.7735,2017-09-01
754,984,1501027200.0,3.3040000000000003,3.6580000000000004,2017-07-26
755,984,1495756800.0,1.6465,1.8795,2017-05-26
756,984,1493856000.0,2.6195,3.0265,2017-05-04
757,984,1503792000.0,4.229,4.905,2017-08-27
758,984,1492905600.0,1.5215,1.7814999999999999,2017-04-23
759,984,1488672000.0,0.45699999999999996,0.7030000000000001,2017-03-05
760,984,1488844800.0,0.1585,0.312,2017-03-07
761,984,1514505600.0,8.560500000000001,10.175,2017-12-29
762,984,1501891200.0,16.3945,18.6925,2017-08-05
763,984,1512777600.0,13.2815,15.9445,2017-12-09
764,984,1489276800.0,0.976,1.165,2017-03-12
765,984,1505520000.0,27.5875,31.8335,2017-09-16
766,984,1509667200.0,1.2919999999999998,1.5979999999999999,2017-11-03
767,984,1495065600.0,1.5385,1.724,2017-05-18
768,984,1495843200.0,1.042,1.202,2017-05-27
769,984,1493596800.0,0.6555,0.8405,2017-05-01
770,984,1513468800.0,6.4495000000000005,7.605,2017-12-17
771,984,1501545600.0,10.5265,11.538499999999999,2017-08-01
772,984,1492992000.0,0.8205,1.047,2017-04-24
773,984,1492300800.0,2.2165,2.586,2017-04-16
774,984,1503360000.0,2.686,3.1195,2017-08-22
775,984,1507420800.0,0.671,0.8240000000000001,2017-10-08
776,984,1494374400.0,4.0555,4.5995,2017-05-10
777,984,1505692800.0,8.2125,9.3135,2017-09-18
778,984,1507593600.0,0.523,0.6645,2017-10-10
779,984,1491436800.0,0.6975,0.881,2017-04-06
780,984,1504396800.0,18.9355,21.310499999999998,2017-09-03
781,984,1508025600.0,2.1395,2.4074999999999998,2017-10-15
782,984,1489363200.0,0.41000000000000003,0.5509999999999999,2017-03-13
783,984,1499385600.0,11.9405,12.905000000000001,2017-07-07
784,984,1504742400.0,36.315,48.006,2017-09-07
785,984,1511136000.0,14.3375,16.4265,2017-11-20
786,984,1495411200.0,1.633,1.8209999999999997,2017-05-22
787,984,1494720000.0,1.5335,1.8455000000000001,2017-05-14
788,984,1494633600.0,1.392,1.8445,2017-05-13
789,984,1508716800.0,0.40149999999999997,0.5569999999999999,2017-10-23
790,984,1511222400.0,15.352,17.902500000000003,2017-11-21
791,984,1502755200.0,9.8915,11.453,2017-08-15
792,984,1513900800.0,3.583,4.232,2017-12-22
793,984,1508630400.0,0.783,0.9299999999999999,2017-10-22
794,984,1488326400.0,0.4595,0.532,2017-03-01
795,984,1510099200.0,1.9615,2.298,2017-11-08
796,984,1514419200.0,10.256,11.9435,2017-12-28
797,984,1496707200.0,3.5904999999999996,4.077,2017-06-06
798,984,1507507200.0,3.1799999999999997,4.0545,2017-10-09
799,984,1508457600.0,3.0145,3.778,2017-10-20
800,984,1510790400.0,2.3295,2.8455000000000004,2017-11-16
801,984,1503187200.0,4.23,4.852499999999999,2017-08-20
802,984,1489622400.0,0.7295,0.9319999999999999,2017-03-16
803,984,1510358400.0,6.497,7.715,2017-11-11
804,984,1493337600.0,1.5710000000000002,1.8725,2017-04-28
805,984,1505088000.0,6.5634999999999994,7.7175,2017-09-11
806,984,1491868800.0,6.388,7.446,2017-04-11
807,984,1488585600.0,0.676,0.8544999999999999,2017-03-04
808,984,1499040000.0,4.829000000000001,5.411,2017-07-03
809,984,1500163200.0,13.257,14.2805,2017-07-16
810,984,1511827200.0,1.812,2.102,2017-11-28
811,984,1493942400.0,1.905,2.1965,2017-05-05
812,984,1501459200.0,6.854,7.5569999999999995,2017-07-31
813,984,1508371200.0,5.6305,6.6165,2017-10-19
814,984,1503964800.0,9.41,10.901499999999999,2017-08-29
815,984,1506124800.0,5.4145,6.0600000000000005,2017-09-23
816,984,1498694400.0,3.178,3.5705,2017-06-29
817,984,1514678400.0,2.913,3.3855,2017-12-31
818,984,1496016000.0,2.9055,3.1925,2017-05-29
819,984,1500249600.0,6.6365,7.375,2017-07-17
820,984,1491609600.0,0.947,1.2069999999999999,2017-04-08
821,984,1500854400.0,6.6905,7.6325,2017-07-24
822,984,1491264000.0,1.2085,1.4825,2017-04-04
823,984,1502496000.0,1.023,1.3155000000000001,2017-08-12
824,984,1495152000.0,1.074,1.2245,2017-05-19
825,984,1501372800.0,4.088,4.503,2017-07-30
826,984,1506038400.0,2.734,3.1845,2017-09-22
827,984,1505952000.0,0.9635,1.3675,2017-09-21
828,984,1498953600.0,4.1105,4.595,2017-07-02
829,984,1501200000.0,3.7925,4.199,2017-07-28
830,984,1493251200.0,0.495,0.6085,2017-04-27
831,984,1509321600.0,2.5345,2.9005,2017-10-30
832,984,1512691200.0,13.555,15.921000000000001,2017-12-08
833,984,1495584000.0,1.1635,1.321,2017-05-24
834,984,1491004800.0,0.211,0.397,2017-04-01
835,984,1488153600.0,0.679,0.859,2017-02-27
836,984,1499990400.0,13.4345,14.657,2017-07-14
837,984,1514073600.0,1.3105,1.539,2017-12-24
838,984,1512950400.0,28.9405,36.837,2017-12-11
839,984,1490745600.0,1.8800000000000001,2.1585,2017-03-29
840,984,1501804800.0,24.6635,28.686,2017-08-04
841,984,1506902400.0,0.325,0.413,2017-10-02
842,984,1492473600.0,0.361,0.43299999999999994,2017-04-18
843,984,1502064000.0,15.2505,18.119999999999997,2017-08-07
844,984,1509926400.0,2.5469999999999997,2.9450000000000003,2017-11-06
845,984,1508544000.0,0.5945,0.736,2017-10-21
846,984,1494547200.0,1.453,1.7654999999999998,2017-05-12
847,984,1494028800.0,1.7375,2.051,2017-05-06
848,984,1496361600.0,2.0995,2.458,2017-06-02
849,984,1500768000.0,13.0715,14.738,2017-07-23
850,984,1502236800.0,9.0625,10.647,2017-08-09
851,984,1492819200.0,1.1875,1.413,2017-04-22
852,984,1490572800.0,0.443,0.5680000000000001,2017-03-27
853,984,1490659200.0,1.5510000000000002,1.8205,2017-03-28
854,984,1504828800.0,10.4675,12.2325,2017-09-08
855,984,1501718400.0,17.78,19.8885,2017-08-03
856,984,1494892800.0,0.883,1.1004999999999998,2017-05-16
857,984,1496275200.0,2.8994999999999997,3.3305,2017-06-01
858,984,1491782400.0,2.2315,2.652,2017-04-10
859,984,1508112000.0,5.4079999999999995,6.3294999999999995,2017-10-16
860,984,1504483200.0,15.379999999999999,17.481499999999997,2017-09-04
861,984,1509494400.0,15.953500000000002,28.265,2017-11-01
862,984,1506470400.0,3.7965,4.164,2017-09-27
863,984,1492387200.0,1.1545,1.401,2017-04-17
864,984,1513382400.0,24.3095,30.404,2017-12-16
865,984,1510185600.0,5.786,6.5465,2017-11-09
866,984,1502928000.0,9.411000000000001,10.8245,2017-08-17
867,984,1506297600.0,2.621,2.8825000000000003,2017-09-25
868,984,1506988800.0,1.1724999999999999,1.335,2017-10-03
869,984,1495497600.0,1.8315,2.055,2017-05-23
870,984,1503446400.0,1.9735,2.267,2017-08-23
871,984,1498780800.0,1.576,1.866,2017-06-30
872,984,1490486400.0,1.733,2.0385,2017-03-26
873,984,1510531200.0,10.823,12.3565,2017-11-13
874,984,1514246400.0,17.872999999999998,21.619,2017-12-26
875,984,1505001600.0,8.244499999999999,9.725,2017-09-10
876,984,1496966400.0,1.331,1.983,2017-06-09
877,984,1495324800.0,1.1695,1.3239999999999998,2017-05-21
878,984,1513555200.0,7.4035,8.704,2017-12-18
879,984,1512604800.0,7.987500000000001,9.401499999999999,2017-12-07
880,984,1503100800.0,6.302,7.083,2017-08-19
881,984,1509753600.0,1.891,2.2600000000000002,2017-11-04
882,984,1507939200.0,4.1515,4.9105,2017-10-14
883,984,1499126400.0,6.1739999999999995,6.797499999999999,2017-07-04
884,984,1503705600.0,1.479,1.748,2017-08-26
885,984,1501632000.0,12.4915,13.7225,2017-08-02
886,984,1500940800.0,2.532,2.9555,2017-07-25
887,984,1486857600.0,1.2810000000000001,1.5419999999999998,2017-02-12
888,984,1507334400.0,1.162,1.37,2017-10-07
889,984,1489104000.0,0.7284999999999999,0.9404999999999999,2017-03-10
890,984,1512086400.0,30.201,35.4855,2017-12-01
891,984,1500422400.0,6.978,7.784,2017-07-19
892,984,1498521600.0,2.9825,3.497,2017-06-27
893,984,1513641600.0,5.449,6.484,2017-12-19
894,984,1499472000.0,10.947,11.837499999999999,2017-07-08
895,984,1493078400.0,0.45,0.5255,2017-04-25
896,984,1506643200.0,4.319,4.6875,2017-09-29
897,984,1509840000.0,3.6559999999999997,4.199,2017-11-05
898,984,1511308800.0,2.062,2.4619999999999997,2017-11-22
899,984,1504656000.0,43.235,56.869,2017-09-06
900,984,1486512000.0,0.3605,0.363,2017-02-08
901,984,1502409600.0,2.5685000000000002,3.0305,2017-08-11
902,984,1508198400.0,9.138,10.727,2017-10-17
903,984,1514592000.0,2.8449999999999998,3.3015,2017-12-30
904,984,1496534400.0,3.5040000000000004,3.9699999999999998,2017-06-04
905,984,1505347200.0,0.21450000000000002,0.26749999999999996,2017-09-14
906,984,1494806400.0,2.4445,2.9015,2017-05-15
907,984,1491350400.0,0.8855,1.075,2017-04-05
908,984,1493510400.0,1.1360000000000001,1.2885,2017-04-30
909,984,1512864000.0,20.036,24.360500000000002,2017-12-10
910,984,1495670400.0,1.871,2.174,2017-05-25
911,984,1510876800.0,1.277,1.6055,2017-11-17
912,984,1514160000.0,27.371000000000002,31.994999999999997,2017-12-25
913,984,1503878400.0,7.5485,8.8645,2017-08-28
914,984,1512432000.0,1.4655,1.7229999999999999,2017-12-05
915,984,1513987200.0,4.8355,5.575,2017-12-23
916,984,1496793600.0,4.5185,5.1565,2017-06-07
917,984,1487203200.0,17.8475,20.891,2017-02-16
918,984,1500595200.0,3.293,3.7975,2017-07-21
919,984,1493683200.0,0.979,1.1995,2017-05-02
920,984,1500681600.0,13.062999999999999,14.649000000000001,2017-07-22
921,984,1488240000.0,0.643,0.921,2017-02-28
922,984,1499644800.0,6.1185,6.7875,2017-07-10
923,984,1507248000.0,1.7560000000000002,2.007,2017-10-06
924,984,1496620800.0,4.282500000000001,4.9555,2017-06-05
925,984,1506729600.0,2.002,2.2475,2017-09-30
926,984,1502582400.0,1.5325,1.8864999999999998,2017-08-13
927,984,1489536000.0,0.76,0.9430000000000001,2017-03-15
928,984,1489708800.0,1.871,2.27,2017-03-17
929,984,1492732800.0,2.3994999999999997,2.7910000000000004,2017-04-21
930,984,1511481600.0,1.209,1.3944999999999999,2017-11-24
931,984,1510617600.0,8.9365,10.5175,2017-11-14
932,984,1506816000.0,2.971,3.4095,2017-10-01
933,984,1493424000.0,0.513,0.6265000000000001,2017-04-29
934,984,1503532800.0,1.305,1.6315,2017-08-24
935,984,1500076800.0,9.049,9.838000000000001,2017-07-15
936,984,1508976000.0,4.263,4.920999999999999,2017-10-26
937,984,1510272000.0,13.803,16.3355,2017-11-10
938,984,1495929600.0,1.5194999999999999,1.7000000000000002,2017-05-28
939,984,1499904000.0,12.6875,13.876000000000001,2017-07-13
940,984,1511913600.0,11.903,13.4515,2017-11-29
941,984,1496448000.0,1.4595,1.714,2017-06-03
942,984,1489190400.0,3.364,3.943,2017-03-11
943,984,1489017600.0,0.755,0.958,2017-03-09
944,984,1493769600.0,1.5745,1.8880000000000001,2017-05-03
945,984,1502668800.0,8.724,10.0815,2017-08-14
946,984,1512172800.0,25.133499999999998,29.8045,2017-12-02
947,984,1496102400.0,3.5095,3.8975,2017-05-30
948,984,1500336000.0,9.259,10.0775,2017-07-18
949,984,1486771200.0,3.9850000000000003,4.6675,2017-02-11
950,984,1496188800.0,2.849,3.2545,2017-05-31
951,984,1493164800.0,0.4485,0.46299999999999997,2017-04-26
952,984,1488758400.0,0.3055,0.5589999999999999,2017-03-06
953,984,1504051200.0,9.5805,10.893,2017-08-30
954,984,1507680000.0,1.233,1.509,2017-10-11
955,984,1491955200.0,3.7975000000000003,4.433,2017-04-12
956,984,1511395200.0,1.633,1.8699999999999999,2017-11-23
957,984,1513209600.0,27.997500000000002,36.221999999999994,2017-12-14
958,984,1506384000.0,4.6815,5.164,2017-09-26
959,984,1499817600.0,15.277999999999999,16.6545,2017-07-12
960,984,1501286400.0,3.3354999999999997,3.7030000000000003,2017-07-29
961,984,1485993600.0,21.511000000000003,27.332,2017-02-02
962,984,1488412800.0,1.2530000000000001,1.4765000000000001,2017-03-02
963,984,1492214400.0,1.814,2.1235,2017-04-15
964,984,1490054400.0,1.4794999999999998,1.792,2017-03-21
965,984,1504137600.0,4.8,5.4445,2017-08-31
966,984,1506556800.0,4.246,4.6555,2017-09-28
967,984,1508889600.0,4.0155,4.6865000000000006,2017-10-25
968,984,1507161600.0,1.9415,2.2245,2017-10-05
969,984,1509062400.0,2.5250000000000004,2.8665000000000003,2017-10-27
970,984,1494979200.0,0.7475,0.933,2017-05-17
971,984,1495238400.0,1.1625,1.353,2017-05-20
972,984,1499558400.0,7.871499999999999,8.5775,2017-07-09
973,984,1490140800.0,0.696,1.0325,2017-03-22
974,984,1491177600.0,1.5955,1.9265,2017-04-03
975,984,1490400000.0,1.184,1.4104999999999999,2017-03-25
976,984,1488067200.0,0.46399999999999997,0.6645000000000001,2017-02-26
977,984,1491091200.0,0.95,1.1185,2017-04-02
978,984,1501977600.0,23.738,28.429000000000002,2017-08-06
979,984,1505779200.0,3.1630000000000003,3.6754999999999995,2017-09-19
980,984,1504569600.0,26.4895,32.494,2017-09-05
981,984,1494201600.0,4.894,5.548,2017-05-08
982,984,1512259200.0,7.355,8.956,2017-12-03
983,984,1499212800.0,11.5765,12.963000000000001,2017-07-05
984,984,1498608000.0,2.5860000000000003,2.8965,2017-06-28
985,984,1490832000.0,1.9145,2.2055,2017-03-30
986,984,1500508800.0,2.8840000000000003,3.3075,2017-07-20
987,984,1513036800.0,44.473,59.64,2017-12-12
988,984,1509408000.0,5.1865000000000006,5.8815,2017-10-31
989,984,1491523200.0,0.33999999999999997,0.474,2017-04-07
990,984,1504310400.0,18.782,21.1755,2017-09-02
991,984,1490227200.0,1.0995,1.324,2017-03-23
992,984,1494460800.0,2.9485,3.3659999999999997,2017-05-11
993,984,1503273600.0,1.7374999999999998,2.0905,2017-08-21
994,984,1490313600.0,3.2344999999999997,3.729,2017-03-24
995,984,1510963200.0,0.6194999999999999,0.7395,2017-11-18
996,984,1492041600.0,2.373,2.9850000000000003,2017-04-13
997,984,1489881600.0,1.8439999999999999,2.2385,2017-03-19
998,984,1498867200.0,2.4859999999999998,2.7855,2017-07-01
999,984,1514332800.0,11.7675,13.985,2017-12-27
1000,984,1511049600.0,2.4825,2.9245,2017-11-19
1001,984,1509148800.0,2.715,3.1295,2017-10-28
1002,984,1491696000.0,0.64,0.8115,2017-04-09
1003,984,1507075200.0,2.0295,2.3575,2017-10-04
1004,984,1511654400.0,2.551,2.9555,2017-11-26
1005,984,1503014400.0,8.118,9.2055,2017-08-18
1006,984,1511740800.0,0.32799999999999996,0.38,2017-11-27
1007,984,1508803200.0,2.1965,2.5275,2017-10-24
1008,984,1512000000.0,12.025500000000001,13.782499999999999,2017-11-30
1009,984,1501113600.0,3.8274999999999997,4.2435,2017-07-27
1010,984,1513814400.0,1.3255,1.585,2017-12-21
1011,984,1502150400.0,12.1815,14.474,2017-08-08
1012,984,1496880000.0,0.961,1.298,2017-06-08
1013,984,1486598400.0,0.236,0.4355,2017-02-09
1014,984,1507766400.0,14.622499999999999,18.183999999999997,2017-10-12
1015,984,1505865600.0,1.413,1.66,2017-09-20
1016,984,1489795200.0,1.6425,1.984,2017-03-18
1017,984,1505433600.0,11.204,13.649000000000001,2017-09-15
1018,984,1487116800.0,10.7745,12.931000000000001,2017-02-15
1019,984,1509580800.0,1.6875,2.0385,2017-11-02
1020,984,1489968000.0,3.4555000000000002,4.0024999999999995,2017-03-20
1021,984,1499299200.0,7.984999999999999,8.726500000000001,2017-07-06
1022,984,1506211200.0,3.1929999999999996,3.5665,2017-09-24
1023,984,1494288000.0,4.683,5.3100000000000005,2017-05-09
1024,984,1489449600.0,0.3745,0.48,2017-03-14
1025,984,1494115200.0,2.8360000000000003,3.242,2017-05-07
1026,992,1488153600.0,0.9784999999999999,1.174,2017-02-27
1027,992,1501891200.0,17.5795,20.079,2017-08-05
1028,992,1505520000.0,28.844,33.051500000000004,2017-09-16
1029,992,1495929600.0,1.355,1.653,2017-05-28
1030,992,1492905600.0,1.983,2.3615,2017-04-23
1031,992,1494201600.0,3.9619999999999997,4.768,2017-05-08
1032,992,1492473600.0,1.534,1.9735,2017-04-18
1033,992,1508630400.0,1.234,1.567,2017-10-22
1034,992,1499731200.0,10.9055,12.8085,2017-07-11
1035,992,1499212800.0,9.837,10.8385,2017-07-05
1036,992,1508284800.0,15.368500000000001,18.070500000000003,2017-10-18
1037,992,1504051200.0,11.4845,13.533999999999999,2017-08-30
1038,992,1509321600.0,1.986,2.441,2017-10-30
1039,992,1501718400.0,20.2945,22.836,2017-08-03
1040,992,1496448000.0,1.6895,2.1265,2017-06-03
1041,992,1497657600.0,1.4115,1.821,2017-06-17
1042,992,1510444800.0,2.642,3.161,2017-11-12
1043,992,1497916800.0,1.4335,1.866,2017-06-20
1044,992,1508716800.0,1.3980000000000001,1.77,2017-10-23
1045,992,1493596800.0,0.909,1.1955,2017-05-01
1046,992,1503792000.0,6.4125,7.532,2017-08-27
1047,992,1497312000.0,0.4625,0.7155,2017-06-13
1048,992,1508025600.0,1.6155,1.9835,2017-10-15
1049,992,1493942400.0,2.0065,2.4825,2017-05-05
1050,992,1504137600.0,5.635,6.7315000000000005,2017-08-31
1051,992,1491264000.0,0.955,1.268,2017-04-04
1052,992,1497571200.0,1.5165000000000002,1.9575,2017-06-16
1053,992,1514073600.0,2.4665,2.961,2017-12-24
1054,992,1495843200.0,0.9815,1.2215,2017-05-27
1055,992,1498089600.0,5.7705,6.744,2017-06-22
1056,992,1513209600.0,37.441500000000005,45.344,2017-12-14
1057,992,1511222400.0,20.2745,23.768,2017-11-21
1058,992,1488326400.0,1.999,2.6115,2017-03-01
1059,992,1513641600.0,9.432,11.1735,2017-12-19
1060,992,1498608000.0,2.529,3.1475,2017-06-28
1061,992,1508544000.0,0.916,1.0895,2017-10-21
1062,992,1504396800.0,22.174,25.1555,2017-09-03
1063,992,1491696000.0,0.7835,1.0455,2017-04-09
1064,992,1494892800.0,1.112,1.5085000000000002,2017-05-16
1065,992,1509840000.0,3.594,4.2595,2017-11-05
1066,992,1513296000.0,24.44,29.177,2017-12-15
1067,992,1498435200.0,2.2520000000000002,2.7235,2017-06-26
1068,992,1511827200.0,1.565,1.9115000000000002,2017-11-28
1069,992,1507334400.0,1.3325,1.674,2017-10-07
1070,992,1509580800.0,2.9619999999999997,3.6790000000000003,2017-11-02
1071,992,1495756800.0,1.3475000000000001,1.7494999999999998,2017-05-26
1072,992,1514246400.0,22.6985,27.523,2017-12-26
1073,992,1490659200.0,0.983,1.286,2017-03-28
1074,992,1502496000.0,1.6360000000000001,2.1180000000000003,2017-08-12
1075,992,1495152000.0,0.53,0.694,2017-05-19
1076,992,1496188800.0,3.191,3.9165,2017-05-31
1077,992,1512432000.0,2.395,2.9205,2017-12-05
1078,992,1501632000.0,13.2975,15.035,2017-08-02
1079,992,1505001600.0,11.268,12.9915,2017-09-10
1080,992,1507420800.0,1.413,1.7375,2017-10-08
1081,992,1507248000.0,2.3985,2.8855,2017-10-06
1082,992,1505692800.0,10.244499999999999,11.8265,2017-09-18
1083,992,1491609600.0,1.295,1.7995,2017-04-08
1084,992,1507939200.0,4.728,5.5760000000000005,2017-10-14
1085,992,1489017600.0,0.9565,1.3065,2017-03-09
1086,992,1505260800.0,3.71,4.648,2017-09-13
1087,992,1492560000.0,1.391,1.713,2017-04-19
1088,992,1512864000.0,30.194499999999998,35.7975,2017-12-10
1089,992,1498867200.0,2.686,3.2305,2017-07-01
1090,992,1510099200.0,2.3520000000000003,2.8825000000000003,2017-11-08
1091,992,1490572800.0,0.4945,0.6819999999999999,2017-03-27
1092,992,1502668800.0,11.3985,13.3205,2017-08-14
1093,992,1493078400.0,0.5640000000000001,0.706,2017-04-25
1094,992,1509148800.0,3.2915,3.915,2017-10-28
1095,992,1509494400.0,4.7735,5.8055,2017-11-01
1096,992,1488758400.0,0.8905,1.468,2017-03-06
1097,992,1496620800.0,5.1240000000000006,6.665,2017-06-05
1098,992,1500854400.0,8.235,9.5175,2017-07-24
1099,992,1504310400.0,24.6545,28.352,2017-09-02
1100,992,1490400000.0,1.8085,2.237,2017-03-25
1101,992,1514332800.0,20.005,23.584,2017-12-27
1102,992,1510704000.0,2.5135,3.0875,2017-11-15
1103,992,1496966400.0,3.483,4.8875,2017-06-09
1104,992,1492732800.0,1.66,2.0665,2017-04-21
1105,992,1493769600.0,1.6585,2.1100000000000003,2017-05-03
1106,992,1499385600.0,12.452,13.17,2017-07-07
1107,992,1501545600.0,10.875499999999999,12.187999999999999,2017-08-01
1108,992,1506643200.0,2.4855,2.8804999999999996,2017-09-29
1109,992,1505347200.0,0.6625,0.96,2017-09-14
1110,992,1494633600.0,1.888,2.867,2017-05-13
1111,992,1503360000.0,3.7560000000000002,4.622,2017-08-22
1112,992,1499040000.0,5.528499999999999,6.286,2017-07-03
1113,992,1498176000.0,0.945,1.3765,2017-06-23
1114,992,1504828800.0,13.829999999999998,16.0885,2017-09-08
1115,992,1490745600.0,1.5205,1.9405000000000001,2017-03-29
1116,992,1489708800.0,2.443,3.101,2017-03-17
1117,992,1489536000.0,1.0425,1.4060000000000001,2017-03-15
1118,992,1511568000.0,1.866,2.2195,2017-11-25
1119,992,1503446400.0,1.956,2.476,2017-08-23
1120,992,1509926400.0,2.246,2.7305,2017-11-06
1121,992,1507766400.0,18.5365,22.953000000000003,2017-10-12
1122,992,1510272000.0,16.0655,18.8365,2017-11-10
1123,992,1510185600.0,6.8345,8.133500000000002,2017-11-09
1124,992,1500940800.0,3.71,4.449,2017-07-25
1125,992,1495497600.0,1.4329999999999998,1.748,2017-05-23
1126,992,1494374400.0,2.8875,3.5309999999999997,2017-05-10
1127,992,1504224000.0,11.02,12.587,2017-09-01
1128,992,1501113600.0,3.6415,4.3505,2017-07-27
1129,992,1510790400.0,5.038,6.9544999999999995,2017-11-16
1130,992,1486339200.0,1.14,,2017-02-06
1131,992,1503532800.0,1.2269999999999999,1.7365,2017-08-24
1132,992,1510012800.0,2.5585,3.0035,2017-11-07
1133,992,1507593600.0,1.057,1.3585,2017-10-10
1134,992,1494115200.0,2.153,2.668,2017-05-07
1135,992,1501804800.0,30.424500000000002,37.0995,2017-08-04
1136,992,1510531200.0,10.8185,12.546,2017-11-13
1137,992,1508371200.0,8.7615,10.435500000000001,2017-10-19
1138,992,1505952000.0,1.408,1.8175,2017-09-21
1139,992,1513468800.0,5.5535,6.641500000000001,2017-12-17
1140,992,1511481600.0,1.73,2.0815,2017-11-24
1141,992,1505088000.0,8.202,9.652000000000001,2017-09-11
1142,992,1495411200.0,1.41,1.7115,2017-05-22
1143,992,1488240000.0,1.704,2.3155,2017-02-28
1144,992,1494288000.0,3.769,4.52,2017-05-09
1145,992,1494547200.0,1.899,2.5140000000000002,2017-05-12
1146,992,1502409600.0,3.3585000000000003,4.144,2017-08-11
1147,992,1495065600.0,1.064,1.3645,2017-05-18
1148,992,1511395200.0,3.468,4.1345,2017-11-23
1149,992,1503100800.0,6.8815,7.9305,2017-08-19
1150,992,1513987200.0,3.598,4.329000000000001,2017-12-23
1151,992,1501027200.0,3.6065,4.295999999999999,2017-07-26
1152,992,1496793600.0,5.087,6.178000000000001,2017-06-07
1153,992,1497744000.0,0.5305,0.7765,2017-06-18
1154,992,1500422400.0,6.7805,7.881,2017-07-19
1155,992,1498953600.0,5.221,6.019500000000001,2017-07-02
1156,992,1506384000.0,4.6665,5.4985,2017-09-26
1157,992,1508976000.0,8.65,10.244499999999999,2017-10-26
1158,992,1491782400.0,1.5845,2.0149999999999997,2017-04-10
1159,992,1511740800.0,2.132,3.0075000000000003,2017-11-27
1160,992,1511913600.0,11.5335,13.285499999999999,2017-11-29
1161,992,1509062400.0,2.8635,3.4515000000000002,2017-10-27
1162,992,1504915200.0,12.0695,13.948,2017-09-09
1163,992,1506124800.0,4.0155,4.725,2017-09-23
1164,992,1492819200.0,0.9915,1.2405,2017-04-22
1165,992,1496275200.0,3.4145000000000003,4.2295,2017-06-01
1166,992,1510358400.0,11.3295,13.332,2017-11-11
1167,992,1493424000.0,0.5695,0.738,2017-04-29
1168,992,1508889600.0,6.481999999999999,7.809,2017-10-25
1169,992,1512086400.0,30.179499999999997,34.807,2017-12-01
1170,992,1496102400.0,3.0774999999999997,3.7005,2017-05-30
1171,992,1488499200.0,2.034,2.6305,2017-03-03
1172,992,1493164800.0,0.635,0.7775,2017-04-26
1173,992,1504742400.0,44.6485,55.2655,2017-09-07
1174,992,1502841600.0,8.248999999999999,9.7465,2017-08-16
1175,992,1496361600.0,2.142,2.6895,2017-06-02
1176,992,1509667200.0,1.5855000000000001,2.0869999999999997,2017-11-03
1177,992,1508457600.0,5.3325,6.895,2017-10-20
1178,992,1496016000.0,2.21,2.6215,2017-05-29
1179,992,1502323200.0,4.5455000000000005,5.5185,2017-08-10
1180,992,1497225600.0,1.8585,2.9375,2017-06-12
1181,992,1502582400.0,1.9569999999999999,2.4885,2017-08-13
1182,992,1491091200.0,0.9855,1.2825000000000002,2017-04-02
1183,992,1512777600.0,21.197,24.7335,2017-12-09
1184,992,1496880000.0,1.8535,2.599,2017-06-08
1185,992,1514419200.0,16.1055,19.0225,2017-12-28
1186,992,1505865600.0,1.367,1.7165,2017-09-20
1187,992,1491004800.0,0.403,0.5725,2017-04-01
1188,992,1489104000.0,1.1855,1.62,2017-03-10
1189,992,1492646400.0,2.4975,3.1145,2017-04-20
1190,992,1505779200.0,2.7925,3.4455,2017-09-19
1191,992,1507852800.0,14.125,16.4395,2017-10-13
1192,992,1489795200.0,1.9064999999999999,2.484,2017-03-18
1193,992,1508112000.0,7.807,9.061,2017-10-16
1194,992,1489968000.0,3.4924999999999997,4.404,2017-03-20
1195,992,1495324800.0,1.8295,2.1420000000000003,2017-05-21
1196,992,1509408000.0,3.4525,4.126,2017-10-31
1197,992,1498694400.0,2.8520000000000003,3.543,2017-06-29
1198,992,1513900800.0,4.899,5.8815,2017-12-22
1199,992,1501372800.0,6.2645,7.2765,2017-07-30
1200,992,1489622400.0,1.1485,1.5659999999999998,2017-03-16
1201,992,1498348800.0,1.4665,1.8730000000000002,2017-06-25
1202,992,1500768000.0,15.2345,17.316000000000003,2017-07-23
1203,992,1491177600.0,1.4794999999999998,1.87,2017-04-03
1204,992,1492300800.0,2.846,3.4859999999999998,2017-04-16
1205,992,1499817600.0,18.051,19.929,2017-07-12
1206,992,1502236800.0,14.283999999999999,16.491999999999997,2017-08-09
1207,992,1503273600.0,2.3825000000000003,3.0220000000000002,2017-08-21
1208,992,1505174400.0,6.428,7.769,2017-09-12
1209,992,1489363200.0,0.953,1.2770000000000001,2017-03-13
1210,992,1490486400.0,1.5565,1.9935,2017-03-26
1211,992,1494720000.0,1.3935,1.7825,2017-05-14
1212,992,1506988800.0,1.58,1.855,2017-10-03
1213,992,1514592000.0,6.2775,7.5649999999999995,2017-12-30
1214,992,1502928000.0,11.247,12.856,2017-08-17
1215,992,1506211200.0,2.2424999999999997,2.693,2017-09-24
1216,992,1490227200.0,1.4994999999999998,1.9155000000000002,2017-03-23
1217,992,1491350400.0,1.0765,1.385,2017-04-05
1218,992,1495238400.0,1.1935,1.4775,2017-05-20
1219,992,1507680000.0,1.788,2.2575,2017-10-11
1220,992,1493856000.0,2.875,3.5365,2017-05-04
1221,992,1512345600.0,1.2545000000000002,1.611,2017-12-04
1222,992,1488412800.0,1.2160000000000002,1.6035,2017-03-02
1223,992,1503878400.0,11.491,13.378499999999999,2017-08-28
1224,992,1490918400.0,0.8905000000000001,1.153,2017-03-31
1225,992,1498780800.0,1.178,1.5565,2017-06-30
1226,992,1494460800.0,2.8055,3.4505,2017-05-11
1227,992,1511049600.0,3.5324999999999998,4.162,2017-11-19
1228,992,1494806400.0,2.3335,2.9485,2017-05-15
1229,992,1504656000.0,48.9955,61.2535,2017-09-06
1230,992,1506816000.0,2.3979999999999997,2.8855,2017-10-01
1231,992,1507075200.0,1.3479999999999999,1.722,2017-10-04
1232,992,1512604800.0,8.917,10.464,2017-12-07
1233,992,1495584000.0,1.436,1.866,2017-05-24
1234,992,1500336000.0,9.297,10.7595,2017-07-18
1235,992,1493683200.0,0.8935,1.186,2017-05-02
1236,992,1499126400.0,6.845000000000001,8.46,2017-07-04
1237,992,1512950400.0,43.954499999999996,54.42,2017-12-11
1238,992,1514160000.0,26.217,30.7275,2017-12-25
1239,992,1497052800.0,2.6775,3.8465,2017-06-10
1240,992,1512172800.0,27.948999999999998,32.566,2017-12-02
1241,992,1499644800.0,10.3145,11.597999999999999,2017-07-10
1242,992,1503014400.0,9.707,11.224499999999999,2017-08-18
1243,992,1502150400.0,21.224,24.853,2017-08-08
1244,992,1510963200.0,0.9695,1.1925,2017-11-18
1245,992,1513814400.0,1.3599999999999999,1.6525,2017-12-21
1246,992,1500076800.0,8.017,9.119,2017-07-15
1247,992,1504569600.0,34.2805,42.504000000000005,2017-09-05
1248,992,1506038400.0,1.968,2.3979999999999997,2017-09-22
1249,992,1500681600.0,13.5555,15.442,2017-07-22
1250,992,1492041600.0,3.0255,3.9535,2017-04-13
1251,992,1496707200.0,4.0634999999999994,4.98,2017-06-06
1252,992,1488844800.0,0.7404999999999999,0.998,2017-03-07
1253,992,1497830400.0,0.608,0.962,2017-06-19
1254,992,1499904000.0,14.594000000000001,16.4475,2017-07-13
1255,992,1499990400.0,13.033000000000001,14.6365,2017-07-14
1256,992,1490054400.0,2.351,3.068,2017-03-21
1257,992,1509753600.0,2.327,2.8185000000000002,2017-11-04
1258,992,1491868800.0,10.4055,12.220500000000001,2017-04-11
1259,992,1513555200.0,11.2925,13.3165,2017-12-18
1260,992,1494028800.0,1.9885,2.5410000000000004,2017-05-06
1261,992,1511308800.0,2.918,3.4755000000000003,2017-11-22
1262,992,1506902400.0,0.7095,0.8525,2017-10-02
1263,992,1492128000.0,0.913,1.3065,2017-04-14
1264,992,1486684800.0,58.6735,74.27000000000001,2017-02-10
1265,992,1497484800.0,2.8055000000000003,3.3994999999999997,2017-06-15
1266,992,1505433600.0,10.144,12.2265,2017-09-15
1267,992,1506556800.0,2.6775,3.127,2017-09-28
1268,992,1503187200.0,5.974,7.0794999999999995,2017-08-20
1269,992,1501286400.0,3.1995,3.8230000000000004,2017-07-29
1270,992,1513728000.0,6.484999999999999,8.6955,2017-12-20
1271,992,1508803200.0,2.5380000000000003,3.051,2017-10-24
1272,992,1506729600.0,2.453,2.856,2017-09-30
1273,992,1492992000.0,0.9225000000000001,1.2385,2017-04-24
1274,992,1500508800.0,2.9915000000000003,3.7305,2017-07-20
1275,992,1507161600.0,2.1965,2.638,2017-10-05
1276,992,1507507200.0,0.787,0.97,2017-10-09
1277,992,1500163200.0,11.2545,12.623000000000001,2017-07-16
1278,992,1499472000.0,13.334,15.6805,2017-07-08
1279,992,1512518400.0,9.487,11.030000000000001,2017-12-06
1280,992,1508198400.0,9.562000000000001,11.235,2017-10-17
1281,992,1493251200.0,0.5005,0.6645000000000001,2017-04-27
1282,992,1512691200.0,15.1975,17.6055,2017-12-08
1283,992,1510617600.0,12.791,14.94,2017-11-14
1284,992,1489190400.0,3.129,3.922,2017-03-11
1285,992,1513036800.0,61.614,81.06,2017-12-12
1286,992,1514505600.0,15.096499999999999,18.450000000000003,2017-12-29
1287,992,1512259200.0,9.576,11.5815,2017-12-03
1288,992,1499558400.0,11.09,12.0445,2017-07-09
1289,992,1488672000.0,1.362,2.1125,2017-03-05
1290,992,1489881600.0,3.0545,3.918,2017-03-19
1291,992,1500595200.0,4.003,4.871499999999999,2017-07-21
1292,992,1513382400.0,32.052,38.796,2017-12-16
1293,992,1509235200.0,2.9865,3.596,2017-10-29
1294,992,1506470400.0,2.456,2.8425000000000002,2017-09-27
1295,992,1491436800.0,1.35,1.7385000000000002,2017-04-06
1296,992,1498003200.0,4.7275,5.681,2017-06-21
1297,992,1503705600.0,2.145,2.6765,2017-08-26
1298,992,1506297600.0,2.8905000000000003,3.396,2017-09-25
1299,992,1511654400.0,7.942499999999999,9.204,2017-11-26
1300,992,1493510400.0,0.865,1.0615,2017-04-30
1301,992,1505606400.0,20.305999999999997,23.109,2017-09-17
1302,992,1499299200.0,10.501999999999999,12.484,2017-07-06
1303,992,1494979200.0,0.784,1.0579999999999998,2017-05-17
1304,992,1497398400.0,2.113,2.532,2017-06-14
1305,992,1497139200.0,1.5385,2.0295,2017-06-11
1306,992,1490140800.0,2.071,3.261,2017-03-22
1307,992,1496534400.0,4.523,5.442,2017-06-04
1308,992,1492387200.0,1.6035,2.1635,2017-04-17
1309,992,1495670400.0,1.6185,2.0999999999999996,2017-05-25
1310,992,1501200000.0,3.3415,3.9885,2017-07-28
1311,992,1491523200.0,0.938,1.335,2017-04-07
1312,992,1503619200.0,3.8495,4.6505,2017-08-25
1313,992,1500249600.0,6.8934999999999995,8.150500000000001,2017-07-17
1314,992,1513123200.0,61.037499999999994,79.6905,2017-12-13
1315,992,1503964800.0,13.7375,16.0395,2017-08-29
1316,992,1501459200.0,7.339,8.4435,2017-07-31
1317,992,1492214400.0,0.866,1.165,2017-04-15
1318,992,1510876800.0,1.8795,2.5495,2017-11-17
1319,992,1501977600.0,28.7305,34.5945,2017-08-06
1320,992,1490313600.0,2.77,3.4299999999999997,2017-03-24
1321,992,1489449600.0,2.0585,2.5759999999999996,2017-03-14
1322,992,1489276800.0,1.48,1.8575,2017-03-12
1323,992,1512000000.0,14.006,16.16,2017-11-30
1324,992,1498521600.0,4.4825,5.923,2017-06-27
1325,992,1488585600.0,1.1435,1.534,2017-03-04
1326,992,1491955200.0,3.9875,4.8565,2017-04-12
1327,992,1514678400.0,3.9955,4.669499999999999,2017-12-31
1328,992,1511136000.0,17.3015,19.817,2017-11-20
1329,992,1488931200.0,0.937,1.1705,2017-03-08
1330,992,1493337600.0,1.189,1.577,2017-04-28
1331,992,1502064000.0,22.953,27.771,2017-08-07
1332,992,1504483200.0,15.9085,18.192,2017-09-04
1333,992,1498262400.0,1.4485000000000001,1.9385,2017-06-24
1334,992,1502755200.0,10.213000000000001,11.758,2017-08-15
1335,992,1490832000.0,1.6280000000000001,2.055,2017-03-30
1336,3238,1514678400.0,8.5735,9.612,2017-12-31
1337,3238,1512518400.0,20.603,22.598,2017-12-06
1338,3238,1507248000.0,5.1434999999999995,5.602,2017-10-06
1339,3238,1509840000.0,6.2455,6.7364999999999995,2017-11-05
1340,3238,1508803200.0,4.574999999999999,5.0495,2017-10-24
1341,3238,1510876800.0,9.414,16.522,2017-11-17
1342,3238,1514592000.0,27.856499999999997,34.6075,2017-12-30
1343,3238,1512000000.0,28.146,33.9295,2017-11-30
1344,3238,1510012800.0,5.8645,6.4475,2017-11-07
1345,3238,1507852800.0,16.756500000000003,18.959,2017-10-13
1346,3238,1507075200.0,4.062,4.513,2017-10-04
1347,3238,1512345600.0,2.11,2.268,2017-12-04
1348,3238,1505692800.0,16.927,18.221,2017-09-18
1349,3238,1513036800.0,65.1505,91.725,2017-12-12
1350,3238,1506470400.0,7.5295000000000005,7.9385,2017-09-27
1351,3238,1506211200.0,10.7685,14.2625,2017-09-24
1352,3238,1508025600.0,6.335,6.904,2017-10-15
1353,3238,1510358400.0,24.490000000000002,31.2655,2017-11-11
1354,3238,1510272000.0,26.841,31.230000000000004,2017-11-10
1355,3238,1512086400.0,39.9585,47.962500000000006,2017-12-01
1356,3238,1506038400.0,4.54,4.907500000000001,2017-09-22
1357,3238,1506556800.0,7.5395,7.9835,2017-09-28
1358,3238,1507420800.0,2.097,2.393,2017-10-08
1359,3238,1513900800.0,12.0685,13.516,2017-12-22
1360,3238,1509494400.0,7.6365,8.565000000000001,2017-11-01
1361,3238,1507334400.0,5.4565,6.1175,2017-10-07
1362,3238,1510531200.0,22.857,25.613500000000002,2017-11-13
1363,3238,1508284800.0,22.16,25.1505,2017-10-18
1364,3238,1508112000.0,12.067499999999999,13.239,2017-10-16
1365,3238,1511913600.0,18.878,20.7375,2017-11-29
1366,3238,1509148800.0,8.382,9.1095,2017-10-28
1367,3238,1505952000.0,2.085,2.593,2017-09-21
1368,3238,1512864000.0,46.1235,59.316,2017-12-10
1369,3238,1510704000.0,5.4165,6.1035,2017-11-15
1370,3238,1506643200.0,5.7065,5.9695,2017-09-29
1371,3238,1506124800.0,11.9585,12.690999999999999,2017-09-23
1372,3238,1512432000.0,9.027999999999999,10.3505,2017-12-05
1373,3238,1514332800.0,45.4955,57.4905,2017-12-27
1374,3238,1507161600.0,4.2755,4.681,2017-10-05
1375,3238,1509667200.0,1.9755,2.3085,2017-11-03
1376,3238,1507593600.0,3.1275,3.487,2017-10-10
1377,3238,1505606400.0,29.189,32.775999999999996,2017-09-17
1378,3238,1509580800.0,5.614000000000001,6.375,2017-11-02
1379,3238,1512259200.0,16.4175,20.939,2017-12-03
1380,3238,1511049600.0,11.5335,12.604,2017-11-19
1381,3238,1511222400.0,32.235,38.7205,2017-11-21
1382,3238,1511568000.0,5.506500000000001,5.9915,2017-11-25
1383,3238,1506988800.0,4.2285,4.672000000000001,2017-10-03
1384,3238,1510790400.0,5.448,6.617,2017-11-16
1385,3238,1508371200.0,13.500499999999999,15.183,2017-10-19
1386,3238,1505779200.0,4.765499999999999,5.1905,2017-09-19
1387,3238,1511136000.0,32.244,36.939499999999995,2017-11-20
1388,3238,1507766400.0,20.012999999999998,24.745,2017-10-12
1389,3238,1513641600.0,20.9215,23.9375,2017-12-19
1390,3238,1506902400.0,2.6555,3.4125,2017-10-02
1391,3238,1513296000.0,37.4885,48.9065,2017-12-15
1392,3238,1505865600.0,3.2794999999999996,3.6475,2017-09-20
1393,3238,1514160000.0,45.849999999999994,54.152,2017-12-25
1394,3238,1510185600.0,16.056,17.862000000000002,2017-11-09
1395,3238,1510444800.0,8.527999999999999,9.397,2017-11-12
1396,3238,1509926400.0,6.6445,7.534,2017-11-06
1397,3238,1513987200.0,13.054,14.639,2017-12-23
1398,3238,1513123200.0,65.60849999999999,91.437,2017-12-13
1399,3238,1512691200.0,24.3235,28.326999999999998,2017-12-08
1400,3238,1505260800.0,6.5325,7.2075,2017-09-13
1401,3238,1511654400.0,15.904,17.3905,2017-11-26
1402,3238,1513209600.0,45.492999999999995,61.1545,2017-12-14
1403,3238,1512777600.0,35.416,43.205,2017-12-09
1404,3238,1511827200.0,5.8260000000000005,7.041,2017-11-28
1405,3238,1513555200.0,22.917,25.871000000000002,2017-12-18
1406,3238,1514246400.0,59.788,78.418,2017-12-26
1407,3238,1506729600.0,6.8445,7.2755,2017-09-30
1408,3238,1508630400.0,3.495,3.9000000000000004,2017-10-22
1409,3238,1511395200.0,7.339,7.987,2017-11-23
1410,3238,1505347200.0,0.687,0.8640000000000001,2017-09-14
1411,3238,1506297600.0,7.443,7.9865,2017-09-25
1412,3238,1513468800.0,9.526,10.7045,2017-12-17
1413,3238,1509235200.0,8.522,9.264,2017-10-29
1414,3238,1508976000.0,11.8195,13.225999999999999,2017-10-26
1415,3238,1505433600.0,12.8355,14.940000000000001,2017-09-15
1416,3238,1512950400.0,59.2005,79.82050000000001,2017-12-11
1417,3238,1514073600.0,8.523,10.187000000000001,2017-12-24
1418,3238,1509753600.0,3.8265000000000002,4.265,2017-11-04
1419,3238,1507939200.0,7.920999999999999,8.9605,2017-10-14
1420,3238,1508889600.0,8.291500000000001,9.198,2017-10-25
1421,3238,1509062400.0,7.679,8.7165,2017-10-27
1422,3238,1512172800.0,38.3115,45.5185,2017-12-02
1423,3238,1509408000.0,7.4879999999999995,8.184,2017-10-31
1424,3238,1511740800.0,4.8855,6.68,2017-11-27
1425,3238,1508198400.0,19.076,21.2795,2017-10-17
1426,3238,1508457600.0,5.6370000000000005,6.7185,2017-10-20
1427,3238,1513814400.0,2.3445,2.665,2017-12-21
1428,3238,1511308800.0,6.9185,7.560499999999999,2017-11-22
1429,3238,1510617600.0,21.798000000000002,24.7485,2017-11-14
1430,3238,1506816000.0,5.26,5.6545000000000005,2017-10-01
1431,3238,1510099200.0,6.65,7.4645,2017-11-08
1432,3238,1514419200.0,41.709,51.287499999999994,2017-12-28
1433,3238,1507507200.0,1.4135,1.6275,2017-10-09
1434,3238,1511481600.0,11.001,11.84,2017-11-24
1435,3238,1506384000.0,9.3035,9.7775,2017-09-26
1436,3238,1509321600.0,5.2325,5.718999999999999,2017-10-30
1437,3238,1508544000.0,1.9345,2.2315,2017-10-21
1438,3238,1505520000.0,35.795,42.0215,2017-09-16
1439,3238,1513728000.0,10.067,12.126999999999999,2017-12-20
1440,3238,1514505600.0,40.845,51.4555,2017-12-29
1441,3238,1513382400.0,39.725,52.9535,2017-12-16
1442,3238,1504828800.0,52.4785,57.626000000000005,2017-09-08
1443,3238,1508716800.0,2.8685,3.2165,2017-10-23
1444,3238,1512604800.0,20.9,23.551000000000002,2017-12-07
1445,3238,1510963200.0,2.701,3.0865,2017-11-18
1446,3238,1507680000.0,3.1555,3.5709999999999997,2017-10-11
1447,3388,1510358400.0,13.881499999999999,15.472000000000001,2017-11-11
1448,3388,1511654400.0,7.6285,8.2975,2017-11-26
1449,3388,1512259200.0,10.186,12.2345,2017-12-03
1450,3388,1509408000.0,5.3155,5.6955,2017-10-31
1451,3388,1513123200.0,61.7565,81.51249999999999,2017-12-13
1452,3388,1508630400.0,1.2605,1.3980000000000001,2017-10-22
1453,3388,1509235200.0,3.8265,4.1945,2017-10-29
1454,3388,1512000000.0,20.753500000000003,23.259500000000003,2017-11-30
1455,3388,1510617600.0,14.433499999999999,16.0005,2017-11-14
1456,3388,1514678400.0,6.4895,7.0435,2017-12-31
1457,3388,1513382400.0,35.841499999999996,45.2645,2017-12-16
1458,3388,1509840000.0,6.667,7.2295,2017-11-05
1459,3388,1510099200.0,4.3100000000000005,4.6655,2017-11-08
1460,3388,1514332800.0,21.707,25.3125,2017-12-27
1461,3388,1510012800.0,4.9625,5.306,2017-11-07
1462,3388,1509494400.0,6.5095,7.073,2017-11-01
1463,3388,1509926400.0,3.683,4.004,2017-11-06
1464,3388,1513641600.0,12.4785,13.721,2017-12-19
1465,3388,1509321600.0,2.7904999999999998,3.0395,2017-10-30
1466,3388,1512086400.0,39.0805,46.9725,2017-12-01
1467,3388,1511308800.0,3.09,3.3899999999999997,2017-11-22
1468,3388,1511827200.0,2.053,2.21,2017-11-28
1469,3388,1509753600.0,3.403,3.759,2017-11-04
1470,3388,1509580800.0,4.164,4.593,2017-11-02
1471,3388,1514505600.0,21.9555,27.0115,2017-12-29
1472,3388,1512864000.0,37.914500000000004,45.9345,2017-12-10
1473,3388,1510444800.0,3.2215,3.4665,2017-11-12
1474,3388,1510876800.0,1.7525,2.0015,2017-11-17
1475,3388,1514419200.0,14.719,17.544,2017-12-28
1476,3388,1508544000.0,1.162,1.0835,2017-10-21
1477,3388,1512172800.0,34.5155,40.688500000000005,2017-12-02
1478,3388,1510963200.0,1.896,2.049,2017-11-18
1479,3388,1510531200.0,13.3245,14.4025,2017-11-13
1480,3388,1513814400.0,3.4684999999999997,3.699,2017-12-21
1481,3388,1514073600.0,3.5585,3.9074999999999998,2017-12-24
1482,3388,1513036800.0,62.03,81.66749999999999,2017-12-12
1483,3388,1505347200.0,22.9075,26.4045,2017-09-14
1484,3388,1510704000.0,3.3419999999999996,3.654,2017-11-15
1485,3388,1511222400.0,20.665,24.089,2017-11-21
1486,3388,1513209600.0,42.6055,54.694,2017-12-14
1487,3388,1511740800.0,0.7785,0.8959999999999999,2017-11-27
1488,3388,1509667200.0,1.8125,2.0585,2017-11-03
1489,3388,1513987200.0,5.047499999999999,5.534000000000001,2017-12-23
1490,3388,1512777600.0,28.384500000000003,32.789500000000004,2017-12-09
1491,3388,1513555200.0,18.6115,20.2495,2017-12-18
1492,3388,1513296000.0,28.811,34.472,2017-12-15
1493,3388,1512950400.0,49.917500000000004,62.546,2017-12-11
1494,3388,1508889600.0,9.055499999999999,9.9375,2017-10-25
1495,3388,1513900800.0,8.3565,9.0745,2017-12-22
1496,3388,1511481600.0,1.256,1.407,2017-11-24
1497,3388,1508716800.0,1.673,1.897,2017-10-23
1498,3388,1512345600.0,2.4485,2.651,2017-12-04
1499,3388,1511395200.0,3.8689999999999998,4.259,2017-11-23
1500,3388,1514160000.0,35.1845,40.922,2017-12-25
1501,3388,1513468800.0,11.074,12.0595,2017-12-17
1502,3388,1512604800.0,13.835,15.295,2017-12-07
1503,3388,1512432000.0,3.5635000000000003,3.8325000000000005,2017-12-05
1504,3388,1511568000.0,2.0425,2.251,2017-11-25
1505,3388,1510185600.0,9.959,10.680499999999999,2017-11-09
1506,3388,1508976000.0,10.618500000000001,11.648,2017-10-26
1507,3388,1512691200.0,24.381,26.8975,2017-12-08
1508,3388,1508457600.0,3.417,4.355,2017-10-20
1509,3388,1512518400.0,17.01,18.051000000000002,2017-12-06
1510,3388,1509062400.0,4.2605,4.6415,2017-10-27
1511,3388,1511913600.0,17.539,19.152,2017-11-29
1512,3388,1513728000.0,5.5765,6.645,2017-12-20
1513,3388,1509148800.0,5.2265,5.667,2017-10-28
1514,3388,1514592000.0,5.682,6.372,2017-12-30
1515,3388,1511049600.0,5.801,6.204,2017-11-19
1516,3388,1510272000.0,18.865499999999997,21.6325,2017-11-10
1517,3388,1511136000.0,21.371000000000002,23.9605,2017-11-20
1518,3388,1508803200.0,3.9095000000000004,4.2315000000000005,2017-10-24
1519,3388,1510790400.0,4.4315,5.186,2017-11-16
1520,3388,1514246400.0,24.729,29.4295,2017-12-26
1521,4553,1510963200.0,59.099000000000004,83.64750000000001,2017-11-18
1522,5174,1513382400.0,25.545499999999997,31.223999999999997,2017-12-16
1523,5174,1514505600.0,2.034,2.3325,2017-12-29
1524,5174,1513123200.0,33.3375,41.552499999999995,2017-12-13
1525,5174,1512518400.0,6.4765,7.134,2017-12-06
1526,5174,1514160000.0,7.539,8.428,2017-12-25
1527,5174,1512432000.0,2.6695,2.9135,2017-12-05
1528,5174,1514592000.0,0.573,0.6984999999999999,2017-12-30
1529,5174,1513555200.0,10.7455,12.049,2017-12-18
1530,5174,1514678400.0,1.1280000000000001,1.2395,2017-12-31
1531,5174,1513728000.0,4.037,4.8855,2017-12-20
1532,5174,1512604800.0,7.922,8.7605,2017-12-07
1533,5174,1513036800.0,34.5155,44.254000000000005,2017-12-12
1534,5174,1513468800.0,9.7515,11.247,2017-12-17
1535,5174,1513987200.0,2.5084999999999997,2.9005,2017-12-23
1536,5174,1512777600.0,19.238999999999997,21.9795,2017-12-09
1537,5174,1513814400.0,1.0155,1.0859999999999999,2017-12-21
1538,5174,1513209600.0,31.4895,39.605000000000004,2017-12-14
1539,5174,1513296000.0,19.6785,23.828,2017-12-15
1540,5174,1512691200.0,18.8495,21.0815,2017-12-08
1541,5174,1514246400.0,9.7375,11.6555,2017-12-26
1542,5174,1514332800.0,3.4825,3.771,2017-12-27
1543,5174,1513900800.0,2.9615,3.3295,2017-12-22
1544,5174,1512950400.0,19.581,24.049,2017-12-11
1545,5174,1514073600.0,2.526,2.7275,2017-12-24
1546,5174,1514419200.0,3.781,4.1775,2017-12-28
1547,5174,1512864000.0,14.923,17.589,2017-12-10
1548,5174,1513641600.0,6.1080000000000005,6.9585,2017-12-19
1549,5372,1513209600.0,3.1765,3.8665000000000003,2017-12-14
1550,5408,1514246400.0,42.3855,51.480000000000004,2017-12-26
1551,5408,1513555200.0,14.4195,15.745999999999999,2017-12-18
1552,5408,1513814400.0,1.7665,1.8935,2017-12-21
1553,5408,1514505600.0,46.7195,56.9695,2017-12-29
1554,5408,1514592000.0,26.0185,31.5235,2017-12-30
1555,5408,1514332800.0,29.796,34.966499999999996,2017-12-27
1556,5408,1514678400.0,2.793,3.0415,2017-12-31
1557,5408,1514419200.0,44.2325,53.2055,2017-12-28
1558,5408,1513987200.0,3.5695,3.9345,2017-12-23
1559,5408,1513641600.0,18.354,20.1845,2017-12-19
1560,5408,1513468800.0,3.3715,3.737,2017-12-17
1561,5408,1513900800.0,6.0925,6.615500000000001,2017-12-22
1562,5408,1514073600.0,3.487,3.7525000000000004,2017-12-24
1563,5408,1514160000.0,36.8365,43.471000000000004,2017-12-25
1564,5408,1513209600.0,55.3915,82.2165,2017-12-14
1565,5408,1513728000.0,9.041,10.102,2017-12-20
1566,5454,1513296000.0,23.887,27.9135,2017-12-15
1567,5460,1513296000.0,29.924999999999997,34.9575,2017-12-15
1568,5486,1514246400.0,19.5135,22.7335,2017-12-26
