,county,longitude,latitude,category
0,Davis County,-111.88080951152304,41.08032456289652,blue
1,Davis County,-111.88003663259194,41.04248386241919,blue
2,Davis County,-111.9563088264819,41.13919426676789,green
3,Davis County,-111.94339340147886,41.11547671683034,green
4,Davis County,-111.91575298025643,41.12877405887183,blue
5,Davis County,-111.88051464052988,41.12199390200524,blue
6,Davis County,-111.91835040288866,41.11064543370878,green
7,Davis County,-111.99924129032551,41.10697200673492,orange
8,Davis County,-111.98988703109396,41.12688800001554,orange
9,Davis County,-112.03003258025889,41.14996275953368,red
10,Davis County,-112.02967779151444,41.14339925293028,orange
11,Davis County,-112.03005197373186,41.13616547873,orange
12,Davis County,-112.02976233744846,41.128941780932685,orange
13,Davis County,-112.10292468090837,41.13923589738259,blue
14,Davis County,-112.07371760768277,41.146000686283834,blue
15,Davis County,-112.07413880321505,41.132613201630434,green
16,Davis County,-112.04046382260863,41.143558048462054,green
17,Davis County,-112.0548855823053,41.146183166182,green
18,Davis County,-112.04116113209479,41.149836364760986,orange
19,Davis County,-112.05485923972412,41.132614217050346,blue
20,Davis County,-112.04051553054215,41.13623823861052,green
21,Davis County,-112.04042044705442,41.12896098128972,green
22,Davis County,-112.07901643645114,41.10618098331292,green
23,Davis County,-112.22621685598469,41.112715027338645,blue
24,Davis County,-112.08378300708625,41.12172841759189,blue
25,Davis County,-112.05921966641998,41.084516863876026,green
26,Davis County,-112.05659777307659,41.074875056091585,green
27,Davis County,-112.22428192668133,40.96990494390837,green
28,Davis County,-112.0135828629093,41.08173189099474,green
29,Davis County,-112.01818435815343,41.071011125594346,green
30,Davis County,-112.0309575927703,41.08194384048899,green
31,Davis County,-112.03730646337168,41.0724741565598,blue
32,Davis County,-112.05490570746161,41.12171595943976,green
33,Davis County,-112.05651586729172,41.10966062106072,green
34,Davis County,-112.05008272618893,41.11449833572019,blue
35,Davis County,-112.02956251986389,41.12024359169663,red
36,Davis County,-112.03659865828863,41.11206116299464,green
37,Davis County,-112.03965563816425,41.121520549969105,green
38,Davis County,-112.05465629274693,41.092608178591085,green
39,Davis County,-112.05522928891953,41.09980202064598,green
40,Davis County,-112.03260740704619,41.09715906024685,red
41,Davis County,-112.01642847979556,41.09924861492656,red
42,Davis County,-112.0049769477435,41.09847100565179,green
43,Davis County,-112.00936647176036,41.106085772401606,orange
44,Davis County,-112.02064286546334,41.117789078160726,orange
45,Davis County,-112.01692066677286,41.11037830563785,orange
46,Davis County,-111.99126826849923,41.085247038211214,orange
47,Davis County,-111.99799990024113,41.08229876617819,orange
48,Davis County,-112.00264830985658,41.081574673682994,green
49,Davis County,-111.9899706296768,41.0774139991543,orange
50,Davis County,-111.92961920885831,41.09932250933222,blue
51,Davis County,-111.91733299889435,41.09558749368201,blue
52,Davis County,-111.92357736562231,41.09595408414096,green
53,Davis County,-111.9506645763638,41.09611822509208,blue
54,Davis County,-111.9793926651416,41.08348671105077,green
55,Davis County,-111.96671038706914,41.078319215849405,green
56,Davis County,-111.96587292502169,41.08545680199125,green
57,Davis County,-111.9666251933424,41.093032218251096,orange
58,Davis County,-111.96656659684086,41.10023406770774,orange
59,Davis County,-111.98005277523993,41.09859925567814,orange
60,Davis County,-111.9885209441186,41.09421766541806,red
61,Davis County,-111.99211188666956,41.10140951743964,green
62,Davis County,-111.93063666756923,41.07471647451552,blue
63,Davis County,-111.95398170564661,41.07071091455818,green
64,Davis County,-111.95233661790698,41.06333650279913,orange
65,Davis County,-111.93262413323544,41.06917605290973,blue
66,Davis County,-111.94831643638021,41.051898058951586,blue
67,Davis County,-111.92548309559496,41.06257186729911,blue
68,Davis County,-111.95248387041815,41.0567084025563,blue
69,Davis County,-111.94523734914586,41.083952884906196,blue
70,Davis County,-111.91898568006816,41.08646708002607,blue
71,Davis County,-111.9447769683926,41.076922601843464,green
72,Davis County,-111.9324992300852,41.079040160953646,blue
73,Davis County,-111.97489116540147,41.066639553514605,orange
74,Davis County,-111.96806020466377,41.07110933661735,green
75,Davis County,-111.9606540959805,41.06356417323596,red
76,Davis County,-111.9662695495162,41.05239008052927,green
77,Davis County,-111.996167813107,41.0549160367223,blue
78,Davis County,-111.9824194114832,41.06285638466121,green
79,Davis County,-111.94517263968824,41.04409977438034,orange
80,Davis County,-111.93039371604407,41.048843006080666,green
81,Davis County,-111.9201826625132,41.04349666882296,green
82,Davis County,-111.9177543525493,41.05355205543273,blue
83,Davis County,-111.9630563341927,41.02690902181034,blue
84,Davis County,-111.9488351958258,41.02381661778245,blue
85,Davis County,-111.98170898351329,41.01535235020497,green
86,Davis County,-111.928654042442,41.00879752764979,blue
87,Davis County,-111.92458605426786,41.01578521875162,blue
88,Davis County,-111.93460238387617,41.02381854347967,blue
89,Davis County,-111.93693986129124,41.01888274413135,green
90,Davis County,-111.95417665110878,40.95858850985029,blue
91,Davis County,-111.91682111716437,41.00616676219038,blue
92,Davis County,-111.89561697199021,40.99712963100907,blue
93,Davis County,-111.90404268902851,41.01063184529716,blue
94,Davis County,-111.84445409488988,40.9948477135661,green
95,Davis County,-111.88502938517345,40.98713516360302,orange
96,Davis County,-111.88877346518798,40.97360962011951,blue
97,Davis County,-111.8545949777006,40.95108571884702,blue
98,Davis County,-111.87451259625328,40.93411366242547,green
99,Davis County,-111.90327822984666,40.93362368277421,blue
100,Davis County,-111.88529750090181,40.93488742301472,blue
101,Davis County,-111.88615170025864,40.946109351037265,blue
102,Davis County,-111.83503210406033,40.92927830164309,blue
103,Davis County,-111.88190541773979,40.92526563646718,green
104,Davis County,-111.88168027561461,40.917281585316054,orange
105,Davis County,-111.88233352218269,40.909866037953364,blue
106,Davis County,-111.81672682745273,40.90166815381463,blue
107,Davis County,-111.80634994138758,40.86127657013235,blue
108,Davis County,-111.87738931537837,40.83340951053204,blue
109,Davis County,-111.91027381894932,40.836171414205275,orange
110,Davis County,-111.87655470926221,40.85114498301518,blue
111,Davis County,-111.88753726686106,40.84408859282072,blue
112,Davis County,-111.89305559552061,40.849694747045305,green
113,Davis County,-111.90190109206328,40.84919365417433,orange
114,Davis County,-111.85627544169611,40.89875326043623,green
115,Davis County,-111.8676353277901,40.903172645399145,green
116,Davis County,-111.86781329481276,40.89703325342658,blue
117,Davis County,-111.86849670319104,40.889246401533434,green
118,Davis County,-111.85876467028741,40.88875358410842,blue
119,Davis County,-111.88519643974581,40.90306901475765,green
120,Davis County,-111.87571615122386,40.90014106724943,orange
121,Davis County,-111.88672377468727,40.896680347112365,green
122,Davis County,-111.88841278202429,40.891693064149024,green
123,Davis County,-111.88869887788927,40.8868714873978,green
124,Davis County,-111.87661932035121,40.891402899703074,green
125,Davis County,-111.87650120026089,40.8867339459436,green
126,Davis County,-111.85598792393257,40.8777721969069,blue
127,Davis County,-111.86636898014233,40.881443329368025,blue
128,Davis County,-111.86228749843768,40.87380434479719,green
129,Davis County,-111.85667164825514,40.868162855645465,blue
130,Davis County,-111.8673799793956,40.868472930312855,blue
131,Davis County,-111.86415552914177,40.86061220788287,green
132,Davis County,-111.87718695354195,40.88079622199165,green
133,Davis County,-111.87800735990038,40.876194544802374,orange
134,Davis County,-111.87961884855186,40.87287917752925,green
135,Davis County,-111.88480361099236,40.878843100192725,red
136,Davis County,-111.88951900759135,40.87849833322196,orange
137,Davis County,-111.89523836623519,40.872244121177715,green
138,Davis County,-111.87565358470509,40.86471794120096,green
139,Davis County,-111.88221309963784,40.86716519572124,green
140,Davis County,-111.89138586056131,40.86277934893596,orange
141,Davis County,-111.8820791292143,40.85815796816119,green
142,Davis County,-111.92899309595484,40.84331548995061,orange
143,Davis County,-111.91054383888283,40.8469808497062,orange
144,Davis County,-111.9022301682456,40.90062263834815,blue
145,Davis County,-111.94100236165437,40.8856149512989,blue
146,Davis County,-111.92090858966456,40.8729136103118,green
147,Davis County,-111.90695346689391,40.872964315305005,blue
148,Davis County,-111.89930996448818,40.87953415875563,orange
149,Davis County,-111.89985652638968,40.86965435536147,green
150,Davis County,-111.93056535766222,41.03420661505237,orange
151,Davis County,-111.9424630718253,41.0327537068082,orange
152,Davis County,-111.91485601237726,41.021266619480926,orange
153,Davis County,-111.92178526274868,41.02825883683527,blue
154,Davis County,-111.91561663047938,41.03619136718495,blue
155,Salt Lake County,-111.91133897169387,40.79443754486153,orange
156,Salt Lake County,-111.90495337371152,40.77587214115332,orange
157,Salt Lake County,-111.87039696407619,40.81223141678727,blue
158,Salt Lake County,-111.94121998024825,40.77640394161475,red
159,Salt Lake County,-111.94527225456052,40.77215019038787,orange
160,Salt Lake County,-111.94435070833208,40.78248625368075,orange
161,Salt Lake County,-111.94540183816605,40.789128420144415,orange
162,Salt Lake County,-111.94447756819062,40.80181589424924,orange
163,Salt Lake County,-111.94650738219329,40.7981805718879,green
164,Salt Lake County,-111.93800038520041,40.793973048380145,red
165,Salt Lake County,-111.94052175217256,40.79751831044181,orange
166,Salt Lake County,-111.92116284002263,40.78887290186858,green
167,Salt Lake County,-111.92035468896233,40.7843554865751,orange
168,Salt Lake County,-111.92764064252155,40.78673078925233,orange
169,Salt Lake County,-111.93293493528037,40.78688933010088,red
170,Salt Lake County,-111.91468237426872,40.786836969816164,red
171,Salt Lake County,-111.91421829420347,40.779139239624264,orange
172,Salt Lake County,-111.92185401215312,40.779123986149834,orange
173,Salt Lake County,-111.9289869418011,40.77775362857344,green
174,Salt Lake County,-111.93410002008322,40.77431948015673,red
175,Salt Lake County,-111.91497187894333,40.773707331938255,red
176,Salt Lake County,-111.8971516407796,40.78557154186385,green
177,Salt Lake County,-111.89059503051948,40.77834608677183,green
178,Salt Lake County,-111.8975912494576,40.778965566066695,red
179,Salt Lake County,-111.8889430001427,40.77310051970323,orange
180,Salt Lake County,-111.8926326148049,40.77279871763304,orange
181,Salt Lake County,-111.89660929258821,40.77298577645193,orange
182,Salt Lake County,-111.8676681972694,40.780694044031485,green
183,Salt Lake County,-111.87762012003482,40.7801138266217,green
184,Salt Lake County,-111.87531886753261,40.774543181891005,orange
185,Salt Lake County,-111.8753194438434,40.771099680174814,orange
186,Salt Lake County,-111.88587444896302,40.77051913755165,green
187,Salt Lake County,-111.88288510553602,40.77511937315717,orange
188,Salt Lake County,-111.88212643293349,40.771339322641055,orange
189,Salt Lake County,-111.85825439869993,40.775863511169135,green
190,Salt Lake County,-111.86108214129828,40.77166293973138,orange
191,Salt Lake County,-111.86764059531136,40.77467806226347,orange
192,Salt Lake County,-111.86782895966493,40.77109746561785,green
193,Salt Lake County,-111.82300101919081,40.768423376680104,red
194,Salt Lake County,-111.84286968872507,40.75439464953331,red
195,Salt Lake County,-111.84056732826477,40.765027942816474,red
196,Salt Lake County,-111.85452440383806,40.76720279941641,orange
197,Salt Lake County,-111.85957227895364,40.76716801006414,orange
198,Salt Lake County,-111.85961288266574,40.76283402675128,orange
199,Salt Lake County,-111.8545512419919,40.762839893945056,orange
200,Salt Lake County,-111.8545690213029,40.75850380665959,red
201,Salt Lake County,-111.85964872074156,40.758487742334964,orange
202,Salt Lake County,-111.85765343441003,40.753179251674815,orange
203,Salt Lake County,-111.86676992087236,40.767185397662146,orange
204,Salt Lake County,-111.86677025647876,40.76392568670243,red
205,Salt Lake County,-111.86677027599966,40.76175140165361,orange
206,Salt Lake County,-111.86681058333222,40.75849648699002,orange
207,Salt Lake County,-111.86868747995302,40.753401480317855,orange
208,Salt Lake County,-111.8645591139781,40.752644422799534,orange
209,Salt Lake County,-111.8753617945953,40.76718422838188,red
210,Salt Lake County,-111.87536067728959,40.762836713874705,red
211,Salt Lake County,-111.8753592895653,40.757400676814854,orange
212,Salt Lake County,-111.87316717007491,40.75195111388028,orange
213,Salt Lake County,-111.87745064452615,40.751978737232335,orange
214,Salt Lake County,-111.8825143182505,40.76500715012306,orange
215,Salt Lake County,-111.88179138098728,40.752505288091875,red
216,Salt Lake County,-111.88451282808585,40.75587523407164,red
217,Salt Lake County,-111.90356938991208,40.76575240919804,orange
218,Salt Lake County,-111.91892510412663,40.7681524149552,red
219,Salt Lake County,-111.91948745216172,40.76184108196852,orange
220,Salt Lake County,-111.91671484022247,40.75422926939977,orange
221,Salt Lake County,-111.93192232268623,40.75412901197621,red
222,Salt Lake County,-111.93653391517996,40.753977143236675,red
223,Salt Lake County,-111.9259450293232,40.753670590121104,orange
224,Salt Lake County,-111.93258502051069,40.7671653734058,red
225,Salt Lake County,-111.93134727766444,40.76060398372825,red
226,Salt Lake County,-111.91326504883665,40.74530703697388,orange
227,Salt Lake County,-111.92458139716953,40.745087238407706,orange
228,Salt Lake County,-111.93383896472493,40.74480753653201,orange
229,Salt Lake County,-111.9142586618678,40.732772640088804,red
230,Salt Lake County,-111.92817073829244,40.73749442587272,green
231,Salt Lake County,-111.9327242708542,40.73093496461793,orange
232,Salt Lake County,-111.89694078602857,40.74591050575336,red
233,Salt Lake County,-111.89627849256003,40.737542318111394,red
234,Salt Lake County,-111.89630102171033,40.72948734275456,red
235,Salt Lake County,-111.87678346006601,40.74571053387235,green
236,Salt Lake County,-111.88536192369095,40.745704777346674,green
237,Salt Lake County,-111.87392436455174,40.73757353304096,green
238,Salt Lake County,-111.87963488038473,40.73757182958391,orange
239,Salt Lake County,-111.88535595899671,40.73756960188565,red
240,Salt Lake County,-111.87393249576559,40.729477221168324,green
241,Salt Lake County,-111.87963327884303,40.7294777731623,orange
242,Salt Lake County,-111.88535037430465,40.72948193345524,orange
243,Salt Lake County,-111.85675226245644,40.729460327673635,green
244,Salt Lake County,-111.86247926776986,40.729468038959304,orange
245,Salt Lake County,-111.86821443841067,40.72946559481934,orange
246,Salt Lake County,-111.85673527431199,40.73756628521113,green
247,Salt Lake County,-111.86247940412186,40.737575956791645,orange
248,Salt Lake County,-111.86820513108704,40.737574385628754,green
249,Salt Lake County,-111.85673302635273,40.74570834009053,blue
250,Salt Lake County,-111.86245258108443,40.74573142405474,green
251,Salt Lake County,-111.86820604779626,40.74571576436213,green
252,Salt Lake County,-111.84488020864912,40.74606549408806,green
253,Salt Lake County,-111.85078330933942,40.746613794891125,blue
254,Salt Lake County,-111.84512032369354,40.73757588898829,blue
255,Salt Lake County,-111.85091106154592,40.73759195496155,green
256,Salt Lake County,-111.84510693141587,40.729602864867566,green
257,Salt Lake County,-111.85097203773981,40.729634573985926,green
258,Salt Lake County,-111.82791055768845,40.729512594550265,green
259,Salt Lake County,-111.83365726817605,40.7295513078103,green
260,Salt Lake County,-111.8394022318343,40.72955411428364,green
261,Salt Lake County,-111.82698778386651,40.73693749374088,green
262,Salt Lake County,-111.83363450546108,40.73762416337682,blue
263,Salt Lake County,-111.83939642465364,40.737621675573926,blue
264,Salt Lake County,-111.83312588848509,40.74583181539999,green
265,Salt Lake County,-111.83931229015097,40.74608967881994,blue
266,Salt Lake County,-111.80761127053216,40.72740241814453,blue
267,Salt Lake County,-111.80955076397164,40.74472501514897,blue
268,Salt Lake County,-111.82136976705338,40.746668619395344,blue
269,Salt Lake County,-111.81943629140402,40.738512398068345,blue
270,Salt Lake County,-111.81070095877321,40.73902672666136,blue
271,Salt Lake County,-111.80574120400028,40.744204588368355,green
272,Salt Lake County,-111.82111862277172,40.729255236708866,green
273,Salt Lake County,-111.81622027058185,40.722414712443204,orange
274,Salt Lake County,-111.81966269315053,40.71690710448916,blue
275,Salt Lake County,-111.82782405857957,40.721600353858186,blue
276,Salt Lake County,-111.83499774918997,40.71479315249573,orange
277,Salt Lake County,-111.84802984374221,40.71614374523324,green
278,Salt Lake County,-111.85951074716536,40.716191929993485,green
279,Salt Lake County,-111.83858477342908,40.710153963048555,orange
280,Salt Lake County,-111.84892311458998,40.70951179167704,green
281,Salt Lake County,-111.85684644328786,40.708804560998544,green
282,Salt Lake County,-111.8640341928193,40.70915761814007,orange
283,Salt Lake County,-111.87401597439468,40.72198055175356,orange
284,Salt Lake County,-111.86841979895594,40.71549258995971,green
285,Salt Lake County,-111.87402813378709,40.71340797810231,orange
286,Salt Lake County,-111.69138208900762,40.56123394160411,blue
287,Salt Lake County,-111.79233509964631,40.58559317824378,blue
288,Salt Lake County,-111.68222396883313,40.61846585481265,blue
289,Salt Lake County,-111.72821882854147,40.791582825050504,blue
290,Salt Lake County,-111.6891481145903,40.716183675153935,blue
291,Salt Lake County,-111.79294386114209,40.69354634188096,blue
292,Salt Lake County,-111.79593475842933,40.65955340522205,blue
293,Salt Lake County,-111.71174357492107,40.675374071572776,blue
294,Salt Lake County,-111.79417768045315,40.683590544381545,green
295,Salt Lake County,-111.79433021407257,40.675471206673414,blue
296,Salt Lake County,-111.807382875875,40.70768602574291,blue
297,Salt Lake County,-111.80050037342725,40.703542467332106,green
298,Salt Lake County,-111.81259114915004,40.70375943544803,green
299,Salt Lake County,-111.81972692932987,40.70883976108709,green
300,Salt Lake County,-111.81925509290998,40.70259316319542,blue
301,Salt Lake County,-111.82698493156234,40.70905822453151,blue
302,Salt Lake County,-111.82844795265565,40.70221274767523,green
303,Salt Lake County,-111.83179841542461,40.7076424680382,green
304,Salt Lake County,-111.83640683898756,40.70347338128989,green
305,Salt Lake County,-111.8412088003131,40.7041594720007,green
306,Salt Lake County,-111.84768048601357,40.70312620588582,green
307,Salt Lake County,-111.84374748420393,40.69437467065054,green
308,Salt Lake County,-111.85174298710304,40.695921648957295,orange
309,Salt Lake County,-111.85015876096378,40.689676045509835,green
310,Salt Lake County,-111.83644974702788,40.6931984280571,green
311,Salt Lake County,-111.8292704796327,40.696508327496055,green
312,Salt Lake County,-111.82903339216023,40.69003586027343,green
313,Salt Lake County,-111.80463652451336,40.69720136985142,green
314,Salt Lake County,-111.80634178887277,40.69086211607517,blue
315,Salt Lake County,-111.81991128844976,40.69697051724955,blue
316,Salt Lake County,-111.81953134237881,40.690637435567844,green
317,Salt Lake County,-111.80178581950373,40.68099633100457,blue
318,Salt Lake County,-111.80948366605473,40.684468848726716,blue
319,Salt Lake County,-111.8101113493372,40.67843944919819,green
320,Salt Lake County,-111.81973256824548,40.6846249324897,green
321,Salt Lake County,-111.81988835764933,40.678562529162754,blue
322,Salt Lake County,-111.84574643020706,40.6800213977282,green
323,Salt Lake County,-111.85126819533005,40.680696417029424,orange
324,Salt Lake County,-111.82950914814587,40.684339057105625,green
325,Salt Lake County,-111.8293895529861,40.67778404294844,blue
326,Salt Lake County,-111.83942299898439,40.6842179986249,green
327,Salt Lake County,-111.83806256999954,40.6781661996647,green
328,Salt Lake County,-111.8281516414053,40.67079225141275,green
329,Salt Lake County,-111.82841987740153,40.662735533355445,green
330,Salt Lake County,-111.83583634421667,40.6701450353879,blue
331,Salt Lake County,-111.8471865180455,40.670251535797526,green
332,Salt Lake County,-111.8183014081584,40.67269526599333,green
333,Salt Lake County,-111.81279717190174,40.66977943732594,blue
334,Salt Lake County,-111.80886783619123,40.66366236569969,blue
335,Salt Lake County,-111.81594395769353,40.6625355287317,blue
336,Salt Lake County,-111.81099493586395,40.65050332923072,green
337,Salt Lake County,-111.82103850896311,40.64465774607517,blue
338,Salt Lake County,-111.83116143780227,40.65027618061563,blue
339,Salt Lake County,-111.81779791218912,40.62823316940923,blue
340,Salt Lake County,-111.82926840101904,40.628982592116664,green
341,Salt Lake County,-111.80456171778792,40.62895174538686,blue
342,Salt Lake County,-111.86047569192498,40.635572138836125,green
343,Salt Lake County,-111.85990968487576,40.66036048600074,orange
344,Salt Lake County,-111.86020410875955,40.65242694772487,blue
345,Salt Lake County,-111.86010611810883,40.64523864830692,green
346,Salt Lake County,-111.84005765934444,40.66069005729819,orange
347,Salt Lake County,-111.84851224026279,40.66230636072426,blue
348,Salt Lake County,-111.8523545486033,40.653002988160715,orange
349,Salt Lake County,-111.84395837082536,40.65378102418798,green
350,Salt Lake County,-111.84002431389473,40.646128544169734,green
351,Salt Lake County,-111.84810291179186,40.643918280285526,green
352,Salt Lake County,-111.84457461744607,40.63746006320823,green
353,Salt Lake County,-111.84554875629811,40.632863678150215,green
354,Salt Lake County,-111.83934115541116,40.62780909959803,blue
355,Salt Lake County,-111.85148892616965,40.62866349039546,blue
356,Salt Lake County,-111.84616243947251,40.61858014145707,green
357,Salt Lake County,-111.8466955543583,40.618857468052006,green
358,Salt Lake County,-111.83863670803089,40.62065637726361,green
359,Salt Lake County,-111.79329885781928,40.6137337391353,green
360,Salt Lake County,-111.80848831541779,40.62032453918835,green
361,Salt Lake County,-111.81138587330526,40.6127059126446,green
362,Salt Lake County,-111.80073820118304,40.614547744036706,blue
363,Salt Lake County,-111.80253846992544,40.59200135158559,blue
364,Salt Lake County,-111.8004828048303,40.601979884314815,blue
365,Salt Lake County,-111.8199828365855,40.61816753379495,green
366,Salt Lake County,-111.8292884647308,40.61898214994569,green
367,Salt Lake County,-111.82603431176852,40.609525214189084,orange
368,Salt Lake County,-111.81443895873684,40.60689768178937,blue
369,Salt Lake County,-111.87970488068858,40.72190634242729,orange
370,Salt Lake County,-111.87974036902486,40.715512328377464,red
371,Salt Lake County,-111.87974353141571,40.70872125099473,red
372,Salt Lake County,-111.88535618234381,40.70918163038864,red
373,Salt Lake County,-111.88543448553307,40.71550917236476,green
374,Salt Lake County,-111.8854117481505,40.721902164381646,orange
375,Salt Lake County,-111.90713057881335,40.71318159641216,red
376,Salt Lake County,-111.89550137390192,40.69663013647885,orange
377,Salt Lake County,-111.90230544192778,40.68377473000292,orange
378,Salt Lake County,-111.91708913063755,40.693130311367156,orange
379,Salt Lake County,-111.90677627315462,40.693605984299396,red
380,Salt Lake County,-111.88562951630279,40.69066812565755,red
381,Salt Lake County,-111.87986449725568,40.69346995268415,orange
382,Salt Lake County,-111.88537468319072,40.69702443111476,orange
383,Salt Lake County,-111.87416416656343,40.693473241729585,green
384,Salt Lake County,-111.88561446634439,40.7028193853893,orange
385,Salt Lake County,-111.87409435979257,40.704133165735705,orange
386,Salt Lake County,-111.87984256019352,40.702429720013356,red
387,Salt Lake County,-111.85692112256845,40.69349178605257,green
388,Salt Lake County,-111.86843293598871,40.693456735233624,orange
389,Salt Lake County,-111.86264679535542,40.69350642878728,orange
390,Salt Lake County,-111.86882399150204,40.70452667539068,orange
391,Salt Lake County,-111.85853175531778,40.70266403463261,orange
392,Salt Lake County,-111.86847501193076,40.68068411812116,green
393,Salt Lake County,-111.85698056729422,40.680671898930576,orange
394,Salt Lake County,-111.8626946782923,40.680711554280286,orange
395,Salt Lake County,-111.86823792477031,40.67049129618351,green
396,Salt Lake County,-111.85928371679897,40.67161983718675,green
397,Salt Lake County,-111.86058285736776,40.66756922506466,orange
398,Salt Lake County,-111.87476876157815,40.67105247449838,orange
399,Salt Lake County,-111.87420835078018,40.68072560059029,green
400,Salt Lake County,-111.88192043794237,40.684592416274576,red
401,Salt Lake County,-111.88188870999906,40.679586314472104,orange
402,Salt Lake County,-111.88088321603986,40.66943633295411,green
403,Salt Lake County,-111.86809705912074,40.66323825278437,orange
404,Salt Lake County,-111.8848859828345,40.67664904072406,orange
405,Salt Lake County,-111.8740289165798,40.660247455272284,green
406,Salt Lake County,-111.8703216728104,40.64694848113918,orange
407,Salt Lake County,-111.87161164033435,40.65224426184934,orange
408,Salt Lake County,-111.88498379730086,40.66379597954575,orange
409,Salt Lake County,-111.9184019682395,40.650292852872155,blue
410,Salt Lake County,-111.89493918597582,40.668165318517495,orange
411,Salt Lake County,-111.90530086710164,40.670443457652524,orange
412,Salt Lake County,-111.90568041908122,40.657417078543865,orange
413,Salt Lake County,-111.91550855002497,40.65749693893405,blue
414,Salt Lake County,-111.90639618993647,40.64543737729839,orange
415,Salt Lake County,-111.91584590271658,40.642650798081355,blue
416,Salt Lake County,-111.91442193673693,40.63216045507698,green
417,Salt Lake County,-111.89523176494248,40.64919679812431,orange
418,Salt Lake County,-111.89601132946656,40.63831698752844,orange
419,Salt Lake County,-111.89753196101543,40.63123280561143,orange
420,Salt Lake County,-111.877667002383,40.653066998869086,red
421,Salt Lake County,-111.88363726846364,40.65459325017841,orange
422,Salt Lake County,-111.87974480390835,40.645148644275736,blue
423,Salt Lake County,-111.86906186256799,40.63595332332728,blue
424,Salt Lake County,-111.88100367848278,40.64021209487304,blue
425,Salt Lake County,-111.8804996423541,40.63445986033319,orange
426,Salt Lake County,-111.89805871481502,40.60845381377241,orange
427,Salt Lake County,-111.89347438542465,40.600525870077206,orange
428,Salt Lake County,-111.89994497076226,40.600867887796575,orange
429,Salt Lake County,-111.89642969054705,40.59182707918953,red
430,Salt Lake County,-111.91237508141151,40.61965302521475,orange
431,Salt Lake County,-111.91151268742867,40.59883402037428,orange
432,Salt Lake County,-111.90737258538539,40.60459043189518,orange
433,Salt Lake County,-111.89662483108326,40.624319604157684,orange
434,Salt Lake County,-111.89788489585973,40.615630689608125,orange
435,Salt Lake County,-111.87436975812128,40.62408253870061,green
436,Salt Lake County,-111.8784321661204,40.62631387820065,green
437,Salt Lake County,-111.88598771809028,40.625935810867176,orange
438,Salt Lake County,-111.86302767003939,40.62631087245042,orange
439,Salt Lake County,-111.86912355804742,40.625828336055854,green
440,Salt Lake County,-111.86189880029723,40.61942923438362,green
441,Salt Lake County,-111.86937683013619,40.61795502544877,red
442,Salt Lake County,-111.86316599356847,40.61221864628883,blue
443,Salt Lake County,-111.87713277934311,40.617811783360004,green
444,Salt Lake County,-111.88637909114594,40.61797499095439,orange
445,Salt Lake County,-111.87807497811534,40.612100997205324,orange
446,Salt Lake County,-111.88717862912772,40.61258175038992,green
447,Salt Lake County,-111.85600328888545,40.57238820805349,orange
448,Salt Lake County,-111.86159220835805,40.574653478504665,green
449,Salt Lake County,-111.86832971983905,40.57626473513868,orange
450,Salt Lake County,-111.86279157454992,40.56728850709562,orange
451,Salt Lake County,-111.87707834377674,40.57694139987294,green
452,Salt Lake County,-111.87864054678975,40.5711847381245,blue
453,Salt Lake County,-111.88688245102205,40.573870961436086,green
454,Salt Lake County,-111.89726732481515,40.57880090382101,red
455,Salt Lake County,-111.9109655545769,40.58039618072068,green
456,Salt Lake County,-111.8406526573735,40.59092741283076,green
457,Salt Lake County,-111.83930584429838,40.58408951479608,green
458,Salt Lake County,-111.84839285086395,40.591527972031834,green
459,Salt Lake County,-111.84905691499218,40.584644657369324,green
460,Salt Lake County,-111.80897050654308,40.58198993163487,blue
461,Salt Lake County,-111.82072353200901,40.582935035236225,green
462,Salt Lake County,-111.82941114760303,40.584963195414836,blue
463,Salt Lake County,-111.88151735230176,40.60770111279579,orange
464,Salt Lake County,-111.87591116457799,40.60194460742399,green
465,Salt Lake County,-111.88530257292634,40.60142782642847,green
466,Salt Lake County,-111.86733688664393,40.598463288713276,blue
467,Salt Lake County,-111.86746651370007,40.60568554743257,green
468,Salt Lake County,-111.8578813691124,40.598478511269825,blue
469,Salt Lake County,-111.85782565482921,40.605816926087556,orange
470,Salt Lake County,-111.8593297718987,40.587371503362185,green
471,Salt Lake County,-111.86857613079542,40.58854336319267,green
472,Salt Lake County,-111.83993852890052,40.57546622501619,green
473,Salt Lake County,-111.8484565413129,40.57478414165463,blue
474,Salt Lake County,-111.84553056650276,40.564787114785574,blue
475,Salt Lake County,-111.82465172063645,40.598476032932574,blue
476,Salt Lake County,-111.8167576316691,40.59915631288791,blue
477,Salt Lake County,-111.82304991230805,40.59244475859439,blue
478,Salt Lake County,-111.82262542306903,40.5891112989976,blue
479,Salt Lake County,-111.83077211157766,40.57440891983964,blue
480,Salt Lake County,-111.81567072462136,40.57375723326454,green
481,Salt Lake County,-111.83440524686691,40.56544435004028,blue
482,Salt Lake County,-111.81962489596741,40.56411751572001,blue
483,Salt Lake County,-111.82728720902274,40.56623751108881,blue
484,Salt Lake County,-111.84570160020311,40.61136229907572,blue
485,Salt Lake County,-111.84684130287543,40.60482495995328,green
486,Salt Lake County,-111.83591587724874,40.600172575329076,blue
487,Salt Lake County,-111.84406025529245,40.597004141755484,green
488,Salt Lake County,-111.876935646032,40.5962283389405,green
489,Salt Lake County,-111.8771244809644,40.590963741295994,green
490,Salt Lake County,-111.88642001597455,40.59225529884801,red
491,Salt Lake County,-111.8815399918046,40.584399643329384,green
492,Salt Lake County,-111.86746609379945,40.55514321291447,green
493,Salt Lake County,-111.85801377924768,40.555141765695325,blue
494,Salt Lake County,-111.86747098693094,40.54789954987329,green
495,Salt Lake County,-111.85807973824853,40.54790506926408,green
496,Salt Lake County,-111.85833446225745,40.53948810900797,blue
497,Salt Lake County,-111.86656802472264,40.53717934109036,green
498,Salt Lake County,-111.8575151691032,40.53024347402053,blue
499,Salt Lake County,-111.96888936084136,40.49357579522652,blue
500,Salt Lake County,-111.92806072688825,40.473108941664286,green
501,Salt Lake County,-111.95591978402817,40.47923060542212,blue
502,Salt Lake County,-111.8606349692583,40.56285586722134,green
503,Salt Lake County,-111.8677082087785,40.562691766019,green
504,Salt Lake County,-111.87634093411859,40.56202883198356,green
505,Salt Lake County,-111.88258651628367,40.564186334106545,blue
506,Salt Lake County,-111.84865582484197,40.55291827857161,green
507,Salt Lake County,-111.8398086320116,40.553076762743345,blue
508,Salt Lake County,-111.84905209837787,40.54283595468422,green
509,Salt Lake County,-111.83626700539301,40.54286595053059,blue
510,Salt Lake County,-111.82259459955615,40.54537545737988,blue
511,Salt Lake County,-111.81506209815528,40.55560536259874,green
512,Salt Lake County,-111.84539762021232,40.53381226048607,blue
513,Salt Lake County,-111.79490992376071,40.5293308740194,blue
514,Salt Lake County,-111.86109110226904,40.51721089185913,blue
515,Salt Lake County,-111.86301315458415,40.50378260501587,blue
516,Salt Lake County,-111.8818966521483,40.49471968799266,green
517,Salt Lake County,-111.905680882559,40.51480826917509,green
518,Salt Lake County,-111.9018270441887,40.55749954999242,green
519,Salt Lake County,-111.9113549973082,40.5350358813585,blue
520,Salt Lake County,-111.90140283930548,40.49528209322993,blue
521,Salt Lake County,-111.88635268257434,40.51362866348673,green
522,Salt Lake County,-111.87532404260573,40.51441890509033,blue
523,Salt Lake County,-111.88632489995217,40.475474468100856,green
524,Salt Lake County,-111.85793731050433,40.49280563973082,green
525,Salt Lake County,-111.8445993597723,40.517082729793465,blue
526,Salt Lake County,-111.84019539816742,40.49072823371805,blue
527,Salt Lake County,-111.88529692754962,40.55133735698501,green
528,Salt Lake County,-111.8759974499033,40.55189159628897,green
529,Salt Lake County,-111.87657049331789,40.54060781913643,green
530,Salt Lake County,-111.88648684414392,40.54068018956573,orange
531,Salt Lake County,-111.87978742117241,40.53170879163317,green
532,Salt Lake County,-111.96951690575366,40.63474285591462,green
533,Salt Lake County,-111.9733610535491,40.630482415641474,green
534,Salt Lake County,-111.98001617663633,40.62795310726626,green
535,Salt Lake County,-111.98116466901958,40.63435695679013,orange
536,Salt Lake County,-111.95308501468575,40.63510581628525,green
537,Salt Lake County,-111.95305752939558,40.62784256872039,green
538,Salt Lake County,-111.96259683334127,40.63131077239883,blue
539,Salt Lake County,-111.94604490764897,40.617097078319645,orange
540,Salt Lake County,-111.94354409235585,40.63131437073814,green
541,Salt Lake County,-111.94142355129776,40.616535948643495,orange
542,Salt Lake County,-111.97727835043626,40.616303454509456,green
543,Salt Lake County,-111.97006873987422,40.61660122881359,blue
544,Salt Lake County,-111.95298712886976,40.61972768925315,blue
545,Salt Lake County,-111.96260296194004,40.61676887178795,blue
546,Salt Lake County,-111.95312928917433,40.61246813422245,orange
547,Salt Lake County,-111.93446039278332,40.63395648017153,green
548,Salt Lake County,-111.93347561232922,40.627240841867284,orange
549,Salt Lake County,-111.93389998005493,40.613501595405225,green
550,Salt Lake County,-111.93406641681399,40.6207776306345,green
551,Salt Lake County,-111.97430151598697,40.602002285681415,green
552,Salt Lake County,-111.97024323372646,40.60092608034812,orange
553,Salt Lake County,-111.97831348163811,40.6045737755023,green
554,Salt Lake County,-111.94932748873683,40.60534582484785,green
555,Salt Lake County,-111.96276580457413,40.60342979003874,green
556,Salt Lake County,-111.93401403210542,40.586279562004826,orange
557,Salt Lake County,-111.93393459541977,40.60079433614042,green
558,Salt Lake County,-111.94346169201039,40.584106050891975,orange
559,Salt Lake County,-111.94605114884156,40.5958443312615,blue
560,Salt Lake County,-111.96446360278156,40.58423165198585,blue
561,Salt Lake County,-111.95301410745056,40.58746767376248,green
562,Salt Lake County,-111.9650112580127,40.59238702830637,green
563,Salt Lake County,-111.99777982236763,40.57555706019863,green
564,Salt Lake County,-111.99513649744348,40.569491918268184,blue
565,Salt Lake County,-111.96254237298346,40.57688510957739,blue
566,Salt Lake County,-111.96252898479979,40.56780171685381,blue
567,Salt Lake County,-111.9722655909928,40.57324788228662,blue
568,Salt Lake County,-111.98180133801067,40.573304559506674,blue
569,Salt Lake County,-111.95291767654926,40.56729478125651,green
570,Salt Lake County,-111.94343186459301,40.57141792628465,blue
571,Salt Lake County,-111.93389398273844,40.57139141340386,green
572,Salt Lake County,-111.95312081994956,40.57655199591907,blue
573,Salt Lake County,-111.95296732432597,40.553258152688926,blue
574,Salt Lake County,-111.94481425102109,40.54908306379096,blue
575,Salt Lake County,-111.93395779305898,40.55114854159324,green
576,Salt Lake County,-111.92051879011333,40.56814512489174,blue
577,Salt Lake County,-111.92104209520433,40.549949931430234,blue
578,Salt Lake County,-111.98174643772535,40.529522518525724,blue
579,Salt Lake County,-111.9640709940627,40.52974103519244,blue
580,Salt Lake County,-111.95324701346055,40.53138524004064,green
581,Salt Lake County,-111.94358803558208,40.53030181084287,blue
582,Salt Lake County,-111.9801364179485,40.51106341481044,blue
583,Salt Lake County,-111.9628259193511,40.51248931830667,blue
584,Salt Lake County,-111.95344064286854,40.51861705596214,blue
585,Salt Lake County,-111.94386855930985,40.51836695964803,orange
586,Salt Lake County,-111.9482739155115,40.51122706823997,green
587,Salt Lake County,-111.94835110244594,40.50413569551979,green
588,Salt Lake County,-111.96976094791539,40.5495614527555,blue
589,Salt Lake County,-111.99405724378624,40.551567594709354,blue
590,Salt Lake County,-112.00148674915216,40.59899454190348,blue
591,Salt Lake County,-111.99318725570953,40.597362400655,green
592,Salt Lake County,-111.98316984642307,40.59915863635084,orange
593,Salt Lake County,-111.99955763408735,40.590643405031884,blue
594,Salt Lake County,-111.9941468091951,40.58305022736362,blue
595,Salt Lake County,-111.97957436824083,40.586223072307035,green
596,Salt Lake County,-112.12885780342486,40.54461726064969,green
597,Salt Lake County,-112.0976234797733,40.49098365334249,green
598,Salt Lake County,-112.02015209528793,40.527485700990844,green
599,Salt Lake County,-112.01918757607693,40.49777754297101,blue
600,Salt Lake County,-112.01900821782905,40.51014704223314,blue
601,Salt Lake County,-112.01536433895046,40.59431151049365,green
602,Salt Lake County,-112.00998137185123,40.59181105687302,blue
603,Salt Lake County,-111.93037013867995,40.719353757571824,red
604,Salt Lake County,-111.93205473082004,40.706405238356176,green
605,Salt Lake County,-111.94611849707728,40.71401615911827,red
606,Salt Lake County,-111.94588581601079,40.70033159367823,orange
607,Salt Lake County,-111.94445224221586,40.69117780505339,orange
608,Salt Lake County,-111.94216852283358,40.68586531639819,red
609,Salt Lake County,-111.95023122820564,40.68989467429693,orange
610,Salt Lake County,-111.95573082724722,40.707529438440375,red
611,Salt Lake County,-111.96183324051486,40.707631966461314,orange
612,Salt Lake County,-111.97131097162793,40.707594820687866,orange
613,Salt Lake County,-111.96506410191817,40.7189013265227,red
614,Salt Lake County,-111.95545835876109,40.70025569032996,red
615,Salt Lake County,-111.96278372719635,40.700281923265074,orange
616,Salt Lake County,-111.97233307781889,40.70027076723948,red
617,Salt Lake County,-111.97214024753825,40.693010382601116,red
618,Salt Lake County,-111.97230397258359,40.685749665588375,orange
619,Salt Lake County,-111.96276837056986,40.6853132146271,red
620,Salt Lake County,-111.9551282085552,40.689271782604045,green
621,Salt Lake County,-111.9625863315622,40.69484561292065,red
622,Salt Lake County,-111.96305080164743,40.69066721795187,orange
623,Salt Lake County,-111.98187782940172,40.700261217878875,orange
624,Salt Lake County,-111.99143244063424,40.70025099407722,red
625,Salt Lake County,-112.00099580800226,40.70024181956956,green
626,Salt Lake County,-112.03420951205528,40.707394917457464,green
627,Salt Lake County,-112.04685332240801,40.71354411784163,green
628,Salt Lake County,-112.03428625185533,40.7003911693658,orange
629,Salt Lake County,-112.05362622762426,40.692950606268724,green
630,Salt Lake County,-112.04888073318395,40.685695310450996,orange
631,Salt Lake County,-112.05849338759042,40.68572631799539,orange
632,Salt Lake County,-112.02958870051417,40.68930847476133,green
633,Salt Lake County,-112.03915255016078,40.69311098168519,orange
634,Salt Lake County,-112.03914603445105,40.68586886805813,green
635,Salt Lake County,-112.00111054726729,40.68652422288718,orange
636,Salt Lake County,-111.99124888708725,40.69296162140879,orange
637,Salt Lake County,-111.99154583767243,40.685734057549,orange
638,Salt Lake County,-112.00067415832393,40.69371642533835,orange
639,Salt Lake County,-111.98186726816961,40.69298104165303,green
640,Salt Lake County,-111.98184089880189,40.68572379487042,orange
641,Salt Lake County,-112.01531938020159,40.700200830593836,green
642,Salt Lake County,-112.02003065899073,40.68932342046476,green
643,Salt Lake County,-112.01037978073389,40.693823982220415,orange
644,Salt Lake County,-112.01054633455583,40.68657787265485,orange
645,Salt Lake County,-111.9935790668868,40.67925259292677,orange
646,Salt Lake County,-111.99042919785994,40.673148463717745,orange
647,Salt Lake County,-112.00132886039532,40.6769724751651,green
648,Salt Lake County,-111.99952926967816,40.669663408463535,red
649,Salt Lake County,-111.92616775856447,40.692448529430614,red
650,Salt Lake County,-111.93420258371242,40.690312336985805,orange
651,Salt Lake County,-111.95048378618766,40.674477421878116,orange
652,Salt Lake County,-111.94341114635873,40.67906413402443,orange
653,Salt Lake County,-111.94384609815853,40.67186996541222,orange
654,Salt Lake County,-111.93457834558347,40.67781936184226,orange
655,Salt Lake County,-111.93128001460445,40.671990944045945,blue
656,Salt Lake County,-111.92314932606882,40.67804839455912,orange
657,Salt Lake County,-111.91669460809878,40.680838704096814,red
658,Salt Lake County,-111.94134674153368,40.660010551204586,orange
659,Salt Lake County,-111.94606623670342,40.6607911193959,green
660,Salt Lake County,-111.95060621452576,40.6602904741012,orange
661,Salt Lake County,-111.94472358883495,40.649365565343594,orange
662,Salt Lake County,-111.93115283590078,40.666665907756524,orange
663,Salt Lake County,-111.91916019149657,40.66765427469977,orange
664,Salt Lake County,-111.91735094147356,40.67108561834287,red
665,Salt Lake County,-111.91043522747455,40.67148090317163,red
666,Salt Lake County,-111.92347524199859,40.66065857399125,blue
667,Salt Lake County,-111.93524079389037,40.65810053863579,orange
668,Salt Lake County,-111.93077287897843,40.648032681320494,green
669,Salt Lake County,-111.95865841528773,40.673309382503405,orange
670,Salt Lake County,-111.96282724157297,40.678570947450474,orange
671,Salt Lake County,-111.97177825619534,40.66280767544605,green
672,Salt Lake County,-111.97299398431593,40.65591925538867,green
673,Salt Lake County,-111.98181648899808,40.66401425462762,green
674,Salt Lake County,-111.98207186890957,40.65682465531819,green
675,Salt Lake County,-111.95535521475527,40.660340482887,green
676,Salt Lake County,-111.96267769316304,40.66035352901328,blue
677,Salt Lake County,-111.97225126442294,40.64394466630712,green
678,Salt Lake County,-111.98228209457923,40.65002196674102,green
679,Salt Lake County,-111.98170030490392,40.642699271976355,orange
680,Salt Lake County,-111.97236599510133,40.65107280541929,green
681,Salt Lake County,-112.02996951658791,40.67704733258091,orange
682,Salt Lake County,-112.05843934147462,40.66757522817561,green
683,Salt Lake County,-112.05011661875086,40.64649790463559,green
684,Salt Lake County,-112.02835217815273,40.64192892279248,green
685,Salt Lake County,-112.02895232971534,40.64835010634672,green
686,Salt Lake County,-112.0213540651823,40.63473142703194,orange
687,Salt Lake County,-112.01478764292841,40.635319950548634,green
688,Salt Lake County,-112.00914126614936,40.634965257981065,orange
689,Salt Lake County,-112.02111732567515,40.62773811857722,blue
690,Salt Lake County,-112.01316555658464,40.629599848971054,green
691,Salt Lake County,-112.01152843789096,40.62609156789189,green
692,Salt Lake County,-111.96031855940923,40.64492395932365,green
693,Salt Lake County,-111.96483526512486,40.64673874282445,blue
694,Salt Lake County,-111.92965847532646,40.638757926453174,green
695,Salt Lake County,-111.94785654611056,40.64426992916634,green
696,Salt Lake County,-111.95463848416658,40.64335592055617,blue
697,Salt Lake County,-112.04414056721617,40.63181108874223,green
698,Salt Lake County,-112.02936073424388,40.63073006688286,green
699,Salt Lake County,-112.02966298110971,40.61664570032456,green
700,Salt Lake County,-111.98143085792381,40.67793781343052,orange
701,Salt Lake County,-111.98202494999823,40.67096120554734,red
702,Salt Lake County,-111.97228370167471,40.67848739431945,green
703,Salt Lake County,-111.97226263371768,40.67121753808246,green
704,Salt Lake County,-112.01142609372175,40.67978886713632,orange
705,Salt Lake County,-112.01418484648582,40.67665103156448,orange
706,Salt Lake County,-112.02097085006137,40.67376493743481,green
707,Salt Lake County,-112.01074911189458,40.67094432849113,green
708,Salt Lake County,-111.99107481298793,40.663939764873405,orange
709,Salt Lake County,-111.99117538477645,40.656651246961275,orange
710,Salt Lake County,-111.99801135748557,40.66324546633342,orange
711,Salt Lake County,-111.9980894322374,40.6560474393682,orange
712,Salt Lake County,-111.99774530549016,40.640540155581306,orange
713,Salt Lake County,-111.98991453610384,40.64951835566934,red
714,Salt Lake County,-111.98941495710798,40.64255494796142,green
715,Salt Lake County,-111.99730915179674,40.64981547285746,orange
716,Salt Lake County,-111.99763480628282,40.64453438201934,green
717,Salt Lake County,-112.01867169937523,40.661912849367276,green
718,Salt Lake County,-112.01841878108361,40.65830664666551,orange
719,Salt Lake County,-112.01154145918473,40.65485327543693,red
720,Salt Lake County,-112.02035494095807,40.65493210656737,orange
721,Salt Lake County,-112.00490409138034,40.6634548766325,orange
722,Salt Lake County,-112.00442727560231,40.65720196504217,orange
723,Salt Lake County,-112.01286079338055,40.66398694947336,red
724,Salt Lake County,-112.01417831616271,40.65149933830834,green
725,Salt Lake County,-112.01619206462617,40.64504062577478,green
726,Salt Lake County,-112.00623107011268,40.644103600182355,orange
727,Salt Lake County,-112.07268885365036,40.71112475101676,green
728,Salt Lake County,-112.08704380185016,40.7109592552526,orange
729,Salt Lake County,-112.06668973069749,40.70014826610778,orange
730,Salt Lake County,-112.07272768310537,40.700008264535235,green
731,Salt Lake County,-112.07872496079811,40.70014512002846,orange
732,Salt Lake County,-112.08705302880307,40.70009118428233,green
733,Salt Lake County,-112.06637773252754,40.69149319537911,green
734,Salt Lake County,-112.07497169039608,40.69352211641813,orange
735,Salt Lake County,-112.07394952697639,40.68583211355695,green
736,Salt Lake County,-112.08705490834355,40.68924381930124,green
737,Salt Lake County,-112.09519963853711,40.805023811121224,orange
738,Salt Lake County,-112.0966900280691,40.70746416258584,orange
739,Salt Lake County,-112.10444293027818,40.707377467669716,orange
740,Salt Lake County,-112.13626886185877,40.65124552280618,green
741,Salt Lake County,-112.10480724814892,40.70029726595288,orange
742,Salt Lake County,-112.09605448288845,40.70032823450495,green
743,Salt Lake County,-111.89746840953491,40.757601113297994,orange
744,Salt Lake County,-111.86261092846954,40.722471213073774,orange
745,Salt Lake County,-111.84172904364382,40.72220766077483,green
746,Salt Lake County,-111.9250412676026,40.619473779308336,green
747,Salt Lake County,-111.92244004375763,40.593454509756434,blue
748,Salt Lake County,-111.9864119238839,40.631845571292665,green
749,Salt Lake County,-111.99594332477199,40.62154013520253,green
750,Salt Lake County,-112.0157091351304,40.60334836520468,green
751,Salt Lake County,-112.04314989991457,40.59649596939508,green
752,Salt Lake County,-112.00473344199234,40.70565773577584,orange
753,Salt Lake County,-111.9910281454871,40.70575354981186,orange
754,Salt Lake County,-111.98679168428605,40.739939501590705,orange
755,Salt Lake County,-111.92712016035489,40.51139554726292,green
756,Salt Lake County,-111.93389244601734,40.531158625379206,blue
757,Salt Lake County,-111.92430675218934,40.53080511248839,green
758,Salt Lake County,-111.9450135078743,40.818690256459256,green
759,Salt Lake County,-111.93087636563676,40.794874380807514,orange
760,Salt Lake County,-111.82409079879429,40.803691559249586,blue
761,Salt Lake County,-111.86810299281869,40.78677211824661,blue
762,Salt Lake County,-111.84817185360522,40.773152471682515,blue
763,Salt Lake County,-112.00462011640207,40.45992500343437,blue
764,Salt Lake County,-112.03380675710653,40.55372559106721,blue
765,Salt Lake County,-112.03468812569334,40.577713108761856,green
766,Salt Lake County,-111.99073349179488,40.79312913584335,blue
767,Weber County,-111.9518448474361,41.26528197968244,orange
768,Weber County,-111.94487494653491,41.26196510704435,orange
769,Weber County,-111.95200620839279,41.255190207826296,orange
770,Weber County,-111.96429887212963,41.263039332882414,red
771,Weber County,-111.96290348342767,41.255400526309174,orange
772,Weber County,-111.96421852330273,41.27468413306795,red
773,Weber County,-111.95194700454901,41.27436950130963,orange
774,Weber County,-111.96428576753254,41.26935450328136,orange
775,Weber County,-111.95120462692407,41.28398306296935,green
776,Weber County,-111.9640132875329,41.2831329519492,orange
777,Weber County,-111.99978909600925,41.2639220313741,red
778,Weber County,-111.98386819968982,41.25558594537029,orange
779,Weber County,-111.97417932298414,41.25671524170566,orange
780,Weber County,-111.98108440013242,41.240812673207806,red
781,Weber County,-111.97346440119237,41.2372955018055,orange
782,Weber County,-111.96520659948233,41.2498225335201,orange
783,Weber County,-111.96112818954673,41.24678048418447,orange
784,Weber County,-111.94978041951319,41.239835897917054,orange
785,Weber County,-111.96277123796139,41.23910405146113,red
786,Weber County,-111.96728083841259,41.24051910127226,orange
787,Weber County,-111.95109447077084,41.247673611152315,orange
788,Weber County,-111.94461188601586,41.24803315492686,green
789,Weber County,-111.93897856272807,41.252344524826434,green
790,Weber County,-111.93424043385893,41.24320317693987,green
791,Weber County,-111.93775142036415,41.23296182348138,orange
792,Weber County,-111.93334270670287,41.22711807973473,green
793,Weber County,-111.94262381051986,41.22448490450942,green
794,Weber County,-111.95317950967394,41.231244953034675,red
795,Weber County,-111.95367895868857,41.22462882996578,orange
796,Weber County,-111.95378210028034,41.22044366103502,orange
797,Weber County,-111.96378337393902,41.231745794443164,red
798,Weber County,-111.96370077917025,41.22483301922605,red
799,Weber County,-111.96349026374507,41.22057224554587,red
800,Weber County,-111.97998529002523,41.2224678975151,red
801,Weber County,-111.97837844575442,41.21219298396667,red
802,Weber County,-111.97067305734468,41.21230959674598,red
803,Weber County,-111.95387519757104,41.21624883172688,orange
804,Weber County,-111.96358825375373,41.216376661875344,red
805,Weber County,-111.95397576241122,41.212068447484675,red
806,Weber County,-111.95308036141256,41.20824082557478,red
807,Weber County,-111.96368069490002,41.212197989855596,orange
808,Weber County,-111.94272908026673,41.2203002513337,green
809,Weber County,-111.93406560002286,41.21773222866276,green
810,Weber County,-111.94320895234843,41.214452831282166,green
811,Weber County,-111.9439902666334,41.208214390380284,orange
812,Weber County,-111.93732983534102,41.204318176949904,green
813,Weber County,-111.94319268155438,41.19129524003049,blue
814,Weber County,-111.93413065581618,41.1875075388233,green
815,Weber County,-111.95522159796329,41.201934162986696,orange
816,Weber County,-111.95118549881897,41.202072508055,orange
817,Weber County,-111.95219902087962,41.19195518846616,orange
818,Weber County,-111.95666851031066,41.19446401476765,orange
819,Weber County,-111.96163280178024,41.20643686491969,red
820,Weber County,-111.96355493631876,41.201183459611435,orange
821,Weber County,-111.97939130750576,41.20293768722225,red
822,Weber County,-111.97089709329798,41.20296806097799,red
823,Weber County,-112.00774251948734,41.20807551398834,red
824,Weber County,-111.94985886655024,41.180984339367136,green
825,Weber County,-111.93060380626012,41.16578661075322,blue
826,Weber County,-111.9404939049973,41.17458698185888,green
827,Weber County,-111.63879213340974,41.31632774042635,blue
828,Weber County,-111.88925343902568,41.29515960811468,blue
829,Weber County,-111.79183772153401,41.272478745084506,green
830,Weber County,-111.95257264427103,41.32198070464776,blue
831,Weber County,-111.9619489448235,41.316495586284525,green
832,Weber County,-111.95233578091737,41.31362826536364,blue
833,Weber County,-111.94154857361778,41.3116097766753,blue
834,Weber County,-111.95929752654155,41.30863619972237,green
835,Weber County,-111.95275258085805,41.3010382412003,green
836,Weber County,-111.95674927594312,41.292724099929096,green
837,Weber County,-111.98028058491757,41.27248031880335,blue
838,Weber County,-111.98250239397454,41.29944531770944,green
839,Weber County,-111.98215533617655,41.286661764560854,green
840,Weber County,-112.00116687231414,41.29898217149268,red
841,Weber County,-111.96929458161662,41.34107555374197,blue
842,Weber County,-111.98236785775225,41.3267841282044,blue
843,Weber County,-111.98701601007272,41.33610615001395,blue
844,Weber County,-112.00465568585827,41.338010370973755,blue
845,Weber County,-112.01252884606598,41.31758089104143,green
846,Weber County,-111.98138758518303,41.31060835341795,green
847,Weber County,-112.03700830960207,41.31358820938071,green
848,Weber County,-112.01214231086777,41.27114142885168,green
849,Weber County,-112.25541814488939,41.218675521249274,blue
850,Weber County,-112.06129489714934,41.31932867795069,green
851,Weber County,-112.0922671216141,41.300512937896926,green
852,Weber County,-112.04997699980072,41.28378062787449,blue
853,Weber County,-112.0638829492801,41.29924154125268,blue
854,Weber County,-112.08301179096598,41.258561693175174,green
855,Weber County,-112.04547032780178,41.26151473259098,green
856,Weber County,-112.14350694059083,41.180089940262555,blue
857,Weber County,-112.13392406695738,41.16187297446294,blue
858,Weber County,-112.09331918533582,41.171729473977514,blue
859,Weber County,-112.08890188188802,41.23010655664915,green
860,Weber County,-112.02988856828769,41.22508474209556,orange
861,Weber County,-112.07563467100474,41.206311276276395,green
862,Weber County,-112.06596113732553,41.18683276664368,green
863,Weber County,-112.03645532048833,41.196394078092126,green
864,Weber County,-112.0521300291341,41.18214267557737,green
865,Weber County,-112.05961842310269,41.16889667058369,green
866,Weber County,-112.0775950325035,41.171513432766076,green
867,Weber County,-112.06983791228744,41.16779012157486,green
868,Weber County,-112.07427054460042,41.15633947594147,green
869,Weber County,-112.0747610869447,41.16170343502343,green
870,Weber County,-112.00085630489544,41.18820214386643,blue
871,Weber County,-111.98943390761818,41.19327234062387,green
872,Weber County,-112.00913226443573,41.16382668690749,green
873,Weber County,-112.00682396629264,41.181459673741486,green
874,Weber County,-111.99422428208483,41.174161263770415,orange
875,Weber County,-112.02791175349275,41.193817028880595,orange
876,Weber County,-112.03321796156662,41.186115470257526,green
877,Weber County,-112.02187587732449,41.18033339170134,orange
878,Weber County,-112.03161371274393,41.17973020846987,green
879,Weber County,-112.04065708475451,41.179622320876305,orange
880,Weber County,-112.02831019786929,41.17276127611704,green
881,Weber County,-112.0257972439246,41.165664377767094,orange
882,Weber County,-112.0366789930734,41.165652092403846,green
883,Weber County,-112.03979455053386,41.17286793588653,green
884,Weber County,-112.04998902199632,41.17255585813627,green
885,Weber County,-112.04829210420573,41.1654792709158,green
886,Weber County,-112.02722822473292,41.15730813266596,orange
887,Weber County,-112.03619032599569,41.15733669964041,green
888,Weber County,-112.0420598170138,41.15670977716368,orange
889,Weber County,-112.04950532968087,41.156747786606836,green
890,Weber County,-112.0588820430785,41.15744755150676,green
891,Weber County,-111.97550572780685,41.1928056291727,orange
892,Weber County,-111.96760766630429,41.194129050935096,orange
893,Weber County,-111.96131039129871,41.19366925012955,orange
894,Weber County,-111.96556525048253,41.185843699169276,orange
895,Weber County,-111.95866549617594,41.1815704314045,green
896,Weber County,-111.95159506916309,41.16573112458057,blue
897,Weber County,-111.96692591196744,41.17631871620554,orange
898,Weber County,-111.95419674376865,41.1717646682086,blue
899,Weber County,-111.97583988478415,41.1827227741121,green
900,Weber County,-111.98266220460424,41.17847043050482,orange
901,Weber County,-111.97932879419126,41.17433156117378,red
902,Weber County,-111.9726636829779,41.169364173830516,orange
903,Weber County,-111.97930667958113,41.159204110093434,green
904,Weber County,-111.97961339761466,41.16836500225623,green
905,Weber County,-111.98753937987445,41.16899275511734,orange
906,Weber County,-111.88906166330891,41.15706708551725,green
907,Weber County,-111.92049976396636,41.15200853107149,blue
908,Weber County,-111.93262761353571,41.156133092177804,green
909,Weber County,-111.96410356104677,41.16503488421328,green
910,Weber County,-111.95158835880763,41.15407118264731,green
911,Weber County,-111.9382183835146,41.14257349659315,green
