patient_count,related_diagnosis,claim_week,claim_year,PRVDR_NUM,PRVDR_STATE_CD
12,A_AB_COPD_DY,1,2018,460006,46
12,A_AB_COPD_DY,1,2020,460001,46
36,A_AB_COPD_DY,1,2022,460009,46
53,A_AB_COPD_DY,1,2021,460009,46
16,A_AB_COPD_DY,1,2021,460047,46
12,A_AB_COPD_DY,1,2022,460003,46
17,A_AB_COPD_DY,1,2017,461307,46
12,A_AB_COPD_DY,1,2018,460026,46
54,A_AB_COPD_DY,1,2022,460021,46
24,A_AB_COPD_DY,1,2022,460047,46
36,A_AB_COPD_DY,1,2019,460021,46
52,A_AB_COPD_DY,1,2018,460009,46
12,A_AB_COPD_DY,1,2018,460015,46
18,A_AB_COPD_DY,1,2020,460047,46
12,A_AB_COPD_DY,1,2019,460047,46
18,A_AB_COPD_DY,1,2021,460010,46
17,A_AB_COPD_DY,1,2017,460013,46
12,A_AB_COPD_DY,1,2019,460019,46
12,Emesis,1,2017,460015,46
17,Emesis,1,2018,460023,46
12,Emesis,1,2017,460030,46
12,A_AB_COPD_DY,1,2018,461835,46
15,A_AB_COPD_DY,1,2017,460021,46
12,A_AB_COPD_DY,1,2022,460001,46
11,A_AB_COPD_DY,1,2022,460057,46
18,A_AB_COPD_DY,1,2022,460004,46
24,A_AB_COPD_DY,1,2017,460009,46
18,A_AB_COPD_DY,1,2021,460021,46
18,A_AB_COPD_DY,1,2021,460004,46
14,A_AB_COPD_DY,1,2019,460010,46
36,Emesis,1,2021,460009,46
18,A_AB_COPD_DY,1,2022,460019,46
12,A_AB_COPD_DY,1,2020,460009,46
18,A_AB_COPD_DY,1,2022,460010,46
18,A_AB_COPD_DY,1,2020,460010,46
28,A_AB_COPD_DY,1,2019,460009,46
12,A_AB_COPD_DY,1,2017,460047,46
18,A_AB_COPD_DY,1,2018,460047,46
12,A_AB_COPD_DY,1,2019,460004,46
12,A_AB_COPD_DY,1,2021,460011,46
11,A_AB_COPD_DY,1,2022,460005,46
21,A_AB_COPD_DY,2,2019,460021,46
39,A_AB_COPD_DY,2,2017,460009,46
24,A_AB_COPD_DY,2,2018,460004,46
18,Emesis,2,2017,460009,46
29,A_AB_COPD_DY,2,2022,460047,46
18,A_AB_COPD_DY,2,2017,460001,46
12,A_AB_COPD_DY,2,2020,460010,46
16,A_AB_COPD_DY,2,2017,460047,46
11,A_AB_COPD_DY,2,2020,460006,46
12,A_AB_COPD_DY,2,2018,460001,46
27,A_AB_COPD_DY,2,2021,460021,46
49,A_AB_COPD_DY,2,2022,460009,46
30,A_AB_COPD_DY,2,2020,460047,46
24,A_AB_COPD_DY,2,2022,460004,46
12,A_AB_COPD_DY,2,2018,460049,46
12,A_AB_COPD_DY,2,2022,460010,46
17,A_AB_COPD_DY,2,2021,460004,46
18,Emesis,2,2019,460010,46
12,A_AB_COPD_DY,2,2017,460021,46
18,Emesis,2,2020,460009,46
18,A_AB_COPD_DY,2,2020,460001,46
18,A_AB_COPD_DY,2,2019,460004,46
16,A_AB_COPD_DY,2,2017,460023,46
18,A_AB_COPD_DY,2,2018,460047,46
24,Emesis,2,2020,460021,46
13,A_AB_COPD_DY,2,2021,460011,46
33,A_AB_COPD_DY,2,2018,460021,46
40,A_AB_COPD_DY,2,2019,460009,46
12,A_AB_COPD_DY,2,2019,460026,46
11,A_AB_COPD_DY,2,2017,460005,46
12,A_AB_COPD_DY,2,2020,460023,46
12,A_AB_COPD_DY,2,2017,460051,46
12,A_AB_COPD_DY,2,2018,460010,46
12,Emesis,2,2018,460009,46
18,A_AB_COPD_DY,2,2022,460021,46
16,A_AB_COPD_DY,2,2019,460006,46
51,A_AB_COPD_DY,2,2021,460009,46
12,A_AB_COPD_DY,2,2017,460006,46
22,Emesis,2,2019,460009,46
12,A_AB_COPD_DY,2,2020,460011,46
12,A_AB_COPD_DY,2,2021,460015,46
18,A_AB_COPD_DY,2,2020,460021,46
17,A_AB_COPD_DY,2,2018,460006,46
12,A_AB_COPD_DY,2,2019,460010,46
24,A_AB_COPD_DY,2,2017,460010,46
48,A_AB_COPD_DY,2,2020,460009,46
62,A_AB_COPD_DY,2,2018,460009,46
12,A_AB_COPD_DY,2,2019,460015,46
12,A_AB_COPD_DY,3,2022,460015,46
42,A_AB_COPD_DY,3,2021,460009,46
12,Emesis,3,2017,460058,46
12,A_AB_COPD_DY,3,2020,460047,46
42,A_AB_COPD_DY,3,2022,460009,46
21,A_AB_COPD_DY,3,2017,460009,46
19,A_AB_COPD_DY,3,2017,460004,46
12,A_AB_COPD_DY,3,2018,460041,46
11,Emesis,3,2018,460011,46
12,A_AB_COPD_DY,3,2020,460015,46
23,A_AB_COPD_DY,3,2017,460007,46
24,A_AB_COPD_DY,3,2018,460004,46
12,A_AB_COPD_DY,3,2017,460006,46
12,A_AB_COPD_DY,3,2019,460010,46
12,Emesis,3,2022,460009,46
18,A_AB_COPD_DY,3,2018,460047,46
18,A_AB_COPD_DY,3,2021,460004,46
12,A_AB_COPD_DY,3,2021,460047,46
17,A_AB_COPD_DY,3,2017,460047,46
18,A_AB_COPD_DY,3,2017,460015,46
24,A_AB_COPD_DY,3,2020,460006,46
12,A_AB_COPD_DY,3,2021,460021,46
23,A_AB_COPD_DY,3,2022,460021,46
12,Emesis,3,2017,460001,46
18,Emesis,3,2020,460009,46
46,A_AB_COPD_DY,3,2019,460009,46
78,A_AB_COPD_DY,3,2020,460009,46
18,A_AB_COPD_DY,3,2018,460021,46
42,A_AB_COPD_DY,3,2019,460021,46
36,Emesis,3,2019,460009,46
38,A_AB_COPD_DY,3,2018,460009,46
18,A_AB_COPD_DY,3,2019,460005,46
18,Emesis,3,2017,460009,46
12,A_AB_COPD_DY,3,2022,460004,46
12,A_AB_COPD_DY,3,2020,460021,46
18,A_AB_COPD_DY,3,2022,460010,46
18,A_AB_COPD_DY,3,2021,460051,46
12,A_AB_COPD_DY,3,2019,460041,46
12,A_AB_COPD_DY,3,2022,460001,46
24,A_AB_COPD_DY,3,2022,460047,46
12,A_AB_COPD_DY,3,2020,460005,46
12,Emesis,3,2018,460009,46
14,A_AB_COPD_DY,3,2018,460010,46
12,A_AB_COPD_DY,3,2021,460030,46
18,A_AB_COPD_DY,3,2021,460007,46
12,A_AB_COPD_DY,3,2018,460006,46
12,A_AB_COPD_DY,3,2018,461308,46
11,A_AB_COPD_DY,3,2018,460007,46
14,A_AB_COPD_DY,3,2019,460047,46
16,A_AB_COPD_DY,4,2018,460011,46
24,A_AB_COPD_DY,4,2022,460004,46
24,Emesis,4,2022,460009,46
12,Emesis,4,2018,460011,46
30,A_AB_COPD_DY,4,2020,460021,46
81,A_AB_COPD_DY,4,2021,460009,46
18,A_AB_COPD_DY,4,2021,460015,46
11,Emesis,4,2020,460042,46
18,A_AB_COPD_DY,4,2021,460021,46
12,A_AB_COPD_DY,4,2017,460021,46
12,A_AB_COPD_DY,4,2017,460001,46
11,Emesis,4,2019,460021,46
12,A_AB_COPD_DY,4,2019,460004,46
13,A_AB_COPD_DY,4,2020,460006,46
30,A_AB_COPD_DY,4,2022,460009,46
12,A_AB_COPD_DY,4,2019,460001,46
17,A_AB_COPD_DY,4,2020,460001,46
12,A_AB_COPD_DY,4,2021,460047,46
12,A_AB_COPD_DY,4,2020,460019,46
12,A_AB_COPD_DY,4,2020,460058,46
12,Emesis,4,2019,460004,46
12,A_AB_COPD_DY,4,2019,460010,46
17,A_AB_COPD_DY,4,2018,460001,46
12,A_AB_COPD_DY,4,2022,460005,46
72,A_AB_COPD_DY,4,2020,460009,46
12,A_AB_COPD_DY,4,2021,460006,46
12,A_AB_COPD_DY,4,2019,460021,46
18,A_AB_COPD_DY,4,2020,460010,46
12,A_AB_COPD_DY,4,2017,460014,46
12,Emesis,4,2020,460009,46
12,A_AB_COPD_DY,4,2021,460004,46
21,Emesis,4,2019,460009,46
55,A_AB_COPD_DY,4,2017,460009,46
12,Emesis,4,2017,460009,46
30,A_AB_COPD_DY,4,2019,460047,46
30,A_AB_COPD_DY,4,2019,460009,46
12,A_AB_COPD_DY,4,2022,460015,46
12,Emesis,4,2020,460011,46
12,A_AB_COPD_DY,4,2017,460047,46
23,A_AB_COPD_DY,4,2022,460021,46
18,Emesis,4,2021,460009,46
38,A_AB_COPD_DY,4,2018,460009,46
21,A_AB_COPD_DY,4,2018,460021,46
12,A_AB_COPD_DY,4,2021,460010,46
12,A_AB_COPD_DY,4,2019,460007,46
18,Emesis,4,2022,460061,46
12,A_AB_COPD_DY,4,2022,460007,46
24,A_AB_COPD_DY,4,2022,460010,46
12,A_AB_COPD_DY,4,2017,460010,46
12,Emesis,4,2020,460005,46
18,A_AB_COPD_DY,4,2020,460004,46
24,A_AB_COPD_DY,4,2020,460047,46
12,A_AB_COPD_DY,4,2020,460011,46
27,A_AB_COPD_DY,5,2017,460005,46
12,Emesis,5,2017,460058,46
12,A_AB_COPD_DY,5,2021,460004,46
18,A_AB_COPD_DY,5,2022,460010,46
30,A_AB_COPD_DY,5,2022,460021,46
30,A_AB_COPD_DY,5,2021,460009,46
17,Emesis,5,2017,460009,46
50,A_AB_COPD_DY,5,2019,460009,46
12,A_AB_COPD_DY,5,2017,460011,46
31,A_AB_COPD_DY,5,2022,460047,46
21,A_AB_COPD_DY,5,2018,460047,46
12,A_AB_COPD_DY,5,2019,460051,46
20,A_AB_COPD_DY,5,2019,460010,46
12,A_AB_COPD_DY,5,2020,460004,46
11,A_AB_COPD_DY,5,2017,460015,46
12,A_AB_COPD_DY,5,2017,460026,46
12,A_AB_COPD_DY,5,2017,460052,46
42,A_AB_COPD_DY,5,2020,460009,46
12,A_AB_COPD_DY,5,2020,460006,46
12,A_AB_COPD_DY,5,2017,460051,46
12,A_AB_COPD_DY,5,2020,460007,46
54,A_AB_COPD_DY,5,2022,460009,46
12,A_AB_COPD_DY,5,2020,460047,46
15,Emesis,5,2018,462525,46
16,A_AB_COPD_DY,5,2021,460047,46
12,A_AB_COPD_DY,5,2017,460004,46
13,A_AB_COPD_DY,5,2018,460010,46
18,A_AB_COPD_DY,5,2019,460047,46
37,A_AB_COPD_DY,5,2018,460009,46
42,A_AB_COPD_DY,5,2020,460021,46
12,A_AB_COPD_DY,5,2019,460058,46
36,A_AB_COPD_DY,5,2020,460010,46
12,A_AB_COPD_DY,5,2021,460001,46
21,Emesis,5,2021,460009,46
35,A_AB_COPD_DY,5,2019,460004,46
15,A_AB_COPD_DY,5,2018,460021,46
55,A_AB_COPD_DY,5,2017,460009,46
25,A_AB_COPD_DY,5,2017,460021,46
48,Emesis,5,2022,460009,46
12,A_AB_COPD_DY,5,2019,461302,46
12,Emesis,5,2021,460021,46
12,A_AB_COPD_DY,5,2021,461819,46
30,A_AB_COPD_DY,5,2021,460010,46
18,Emesis,5,2019,460009,46
12,A_AB_COPD_DY,5,2019,460044,46
24,A_AB_COPD_DY,6,2020,460021,46
12,Emesis,6,2019,460049,46
18,A_AB_COPD_DY,6,2021,460011,46
14,A_AB_COPD_DY,6,2018,460047,46
12,A_AB_COPD_DY,6,2018,460060,46
12,Emesis,6,2017,460009,46
45,Emesis,6,2022,460009,46
16,A_AB_COPD_DY,6,2019,460001,46
20,A_AB_COPD_DY,6,2019,460010,46
24,A_AB_COPD_DY,6,2018,460004,46
12,A_AB_COPD_DY,6,2020,461835,46
12,A_AB_COPD_DY,6,2020,460047,46
63,A_AB_COPD_DY,6,2019,460009,46
12,Emesis,6,2021,460001,46
12,A_AB_COPD_DY,6,2022,460021,46
30,A_AB_COPD_DY,6,2018,460010,46
12,Emesis,6,2020,460009,46
54,A_AB_COPD_DY,6,2021,460009,46
18,A_AB_COPD_DY,6,2017,460004,46
12,A_AB_COPD_DY,6,2017,460041,46
35,A_AB_COPD_DY,6,2017,460047,46
12,A_AB_COPD_DY,6,2022,460005,46
16,A_AB_COPD_DY,6,2017,460021,46
30,A_AB_COPD_DY,6,2017,460009,46
24,A_AB_COPD_DY,6,2022,460009,46
18,A_AB_COPD_DY,6,2021,460015,46
20,A_AB_COPD_DY,6,2019,460021,46
54,A_AB_COPD_DY,6,2020,460009,46
12,A_AB_COPD_DY,6,2020,460042,46
12,A_AB_COPD_DY,6,2017,460026,46
12,Emesis,6,2019,460015,46
12,A_AB_COPD_DY,6,2020,460001,46
12,A_AB_COPD_DY,6,2019,460014,46
71,A_AB_COPD_DY,6,2018,460009,46
13,A_AB_COPD_DY,6,2021,460001,46
12,A_AB_COPD_DY,6,2019,460015,46
30,A_AB_COPD_DY,6,2020,460010,46
12,A_AB_COPD_DY,6,2022,460051,46
12,Emesis,6,2020,460004,46
12,A_AB_COPD_DY,6,2020,460015,46
18,Emesis,6,2017,460010,46
34,A_AB_COPD_DY,6,2021,460021,46
30,A_AB_COPD_DY,6,2022,460004,46
24,A_AB_COPD_DY,6,2018,460021,46
12,A_AB_COPD_DY,6,2018,460005,46
63,A_AB_COPD_DY,7,2019,460021,46
12,A_AB_COPD_DY,7,2019,461839,46
24,A_AB_COPD_DY,7,2017,460021,46
12,Emesis,7,2020,460021,46
36,A_AB_COPD_DY,7,2020,460009,46
29,A_AB_COPD_DY,7,2018,460021,46
30,A_AB_COPD_DY,7,2021,460047,46
18,A_AB_COPD_DY,7,2022,460047,46
12,Emesis,7,2017,460009,46
12,Emesis,7,2017,460006,46
12,A_AB_COPD_DY,7,2020,460041,46
30,A_AB_COPD_DY,7,2017,460004,46
80,A_AB_COPD_DY,7,2018,460009,46
12,A_AB_COPD_DY,7,2017,460005,46
12,A_AB_COPD_DY,7,2021,460007,46
12,A_AB_COPD_DY,7,2020,460015,46
12,A_AB_COPD_DY,7,2019,460060,46
12,Emesis,7,2020,460004,46
18,A_AB_COPD_DY,7,2017,460010,46
30,Emesis,7,2020,460009,46
12,A_AB_COPD_DY,7,2020,460010,46
12,A_AB_COPD_DY,7,2017,460026,46
37,A_AB_COPD_DY,7,2021,460009,46
57,A_AB_COPD_DY,7,2017,460009,46
24,A_AB_COPD_DY,7,2020,460021,46
12,A_AB_COPD_DY,7,2020,460001,46
24,Emesis,7,2019,460009,46
21,A_AB_COPD_DY,7,2018,460010,46
11,Emesis,7,2022,460021,46
12,A_AB_COPD_DY,7,2020,460011,46
29,A_AB_COPD_DY,7,2022,460009,46
11,A_AB_COPD_DY,7,2022,460001,46
12,A_AB_COPD_DY,7,2022,461819,46
18,A_AB_COPD_DY,7,2022,460010,46
12,Emesis,7,2017,460047,46
24,Emesis,7,2022,460009,46
18,A_AB_COPD_DY,7,2018,460001,46
29,A_AB_COPD_DY,7,2021,460021,46
11,A_AB_COPD_DY,7,2018,460011,46
12,A_AB_COPD_DY,7,2022,460007,46
24,A_AB_COPD_DY,7,2021,460010,46
13,A_AB_COPD_DY,7,2018,460007,46
12,A_AB_COPD_DY,7,2018,460047,46
12,A_AB_COPD_DY,7,2020,460026,46
12,A_AB_COPD_DY,7,2022,460023,46
12,A_AB_COPD_DY,7,2022,460026,46
18,A_AB_COPD_DY,7,2020,460007,46
12,Emesis,7,2017,460011,46
12,A_AB_COPD_DY,7,2022,463994,46
14,A_AB_COPD_DY,7,2017,460007,46
22,Emesis,7,2021,460009,46
30,A_AB_COPD_DY,7,2022,460021,46
41,A_AB_COPD_DY,7,2019,460009,46
11,A_AB_COPD_DY,7,2017,460014,46
34,A_AB_COPD_DY,8,2019,460021,46
30,A_AB_COPD_DY,8,2020,460004,46
18,Emesis,8,2022,460009,46
24,A_AB_COPD_DY,8,2019,460047,46
18,A_AB_COPD_DY,8,2017,460015,46
12,A_AB_COPD_DY,8,2017,460006,46
12,A_AB_COPD_DY,8,2017,460013,46
33,A_AB_COPD_DY,8,2017,460021,46
16,A_AB_COPD_DY,8,2021,460010,46
12,A_AB_COPD_DY,8,2021,460015,46
12,A_AB_COPD_DY,8,2019,460052,46
12,A_AB_COPD_DY,8,2019,460004,46
22,A_AB_COPD_DY,8,2021,460004,46
12,Emesis,8,2017,460009,46
12,A_AB_COPD_DY,8,2022,460047,46
24,A_AB_COPD_DY,8,2022,460010,46
56,A_AB_COPD_DY,8,2018,460009,46
18,A_AB_COPD_DY,8,2019,460013,46
12,Emesis,8,2018,461309,46
24,A_AB_COPD_DY,8,2020,460021,46
12,Emesis,8,2019,460047,46
11,A_AB_COPD_DY,8,2017,460004,46
30,A_AB_COPD_DY,8,2021,460021,46
37,A_AB_COPD_DY,8,2022,460009,46
29,A_AB_COPD_DY,8,2021,460009,46
30,A_AB_COPD_DY,8,2020,460010,46
18,A_AB_COPD_DY,8,2019,460010,46
72,A_AB_COPD_DY,8,2020,460009,46
12,A_AB_COPD_DY,8,2022,460019,46
27,A_AB_COPD_DY,8,2018,460004,46
24,Emesis,8,2018,460009,46
12,A_AB_COPD_DY,8,2019,460001,46
12,A_AB_COPD_DY,8,2020,460015,46
12,A_AB_COPD_DY,8,2021,460001,46
12,Emesis,8,2019,460009,46
14,A_AB_COPD_DY,8,2018,460010,46
12,A_AB_COPD_DY,8,2017,460051,46
18,A_AB_COPD_DY,8,2022,460007,46
30,A_AB_COPD_DY,8,2017,460010,46
46,A_AB_COPD_DY,8,2019,460009,46
58,A_AB_COPD_DY,8,2017,460009,46
24,Emesis,8,2021,460009,46
36,A_AB_COPD_DY,8,2022,460021,46
12,Emesis,8,2021,460006,46
12,Emesis,8,2019,460026,46
23,A_AB_COPD_DY,9,2020,460015,46
14,A_AB_COPD_DY,9,2018,460047,46
12,A_AB_COPD_DY,9,2021,460007,46
18,A_AB_COPD_DY,9,2017,460007,46
17,A_AB_COPD_DY,9,2018,460021,46
18,A_AB_COPD_DY,9,2017,460004,46
12,A_AB_COPD_DY,9,2020,460010,46
96,A_AB_COPD_DY,9,2020,460009,46
43,A_AB_COPD_DY,9,2017,460009,46
12,A_AB_COPD_DY,9,2018,461304,46
12,A_AB_COPD_DY,9,2017,460015,46
22,Emesis,9,2021,460009,46
18,A_AB_COPD_DY,9,2022,460021,46
17,A_AB_COPD_DY,9,2019,460051,46
91,A_AB_COPD_DY,9,2018,460009,46
12,Emesis,9,2019,461304,46
18,A_AB_COPD_DY,9,2021,460047,46
24,A_AB_COPD_DY,9,2020,460004,46
36,A_AB_COPD_DY,9,2020,460001,46
18,A_AB_COPD_DY,9,2020,460011,46
18,A_AB_COPD_DY,9,2021,460010,46
18,A_AB_COPD_DY,9,2019,460042,46
12,A_AB_COPD_DY,9,2022,460047,46
11,A_AB_COPD_DY,9,2017,460058,46
12,A_AB_COPD_DY,9,2017,460001,46
12,A_AB_COPD_DY,9,2017,460011,46
12,A_AB_COPD_DY,9,2022,460015,46
12,Emesis,9,2018,460009,46
30,A_AB_COPD_DY,9,2020,460021,46
24,A_AB_COPD_DY,9,2019,460047,46
23,Emesis,9,2021,460004,46
12,A_AB_COPD_DY,9,2022,460051,46
52,A_AB_COPD_DY,9,2021,460009,46
17,A_AB_COPD_DY,9,2018,460007,46
12,Emesis,9,2022,462525,46
18,A_AB_COPD_DY,9,2019,460021,46
34,A_AB_COPD_DY,9,2019,460004,46
17,A_AB_COPD_DY,9,2019,460006,46
30,A_AB_COPD_DY,9,2021,460021,46
12,Emesis,9,2020,462525,46
23,A_AB_COPD_DY,9,2019,460010,46
18,A_AB_COPD_DY,9,2017,460051,46
57,A_AB_COPD_DY,9,2019,460009,46
12,Emesis,9,2019,460004,46
11,A_AB_COPD_DY,9,2017,460021,46
15,A_AB_COPD_DY,9,2018,460015,46
19,A_AB_COPD_DY,9,2018,460010,46
30,Emesis,9,2022,460009,46
36,A_AB_COPD_DY,9,2022,460009,46
18,Emesis,9,2019,460009,46
11,Emesis,9,2020,461333,46
12,Emesis,9,2019,462548,46
12,A_AB_COPD_DY,9,2020,460007,46
24,A_AB_COPD_DY,10,2018,460010,46
24,A_AB_COPD_DY,10,2018,460004,46
43,A_AB_COPD_DY,10,2021,460009,46
30,Emesis,10,2022,460009,46
30,A_AB_COPD_DY,10,2020,460021,46
16,A_AB_COPD_DY,10,2019,460004,46
27,A_AB_COPD_DY,10,2017,460021,46
12,Emesis,10,2019,460011,46
17,A_AB_COPD_DY,10,2021,460047,46
11,A_AB_COPD_DY,10,2017,461306,46
12,Emesis,10,2020,460009,46
23,A_AB_COPD_DY,10,2019,460010,46
12,Emesis,10,2019,460023,46
11,A_AB_COPD_DY,10,2022,460049,46
16,A_AB_COPD_DY,10,2019,460001,46
30,A_AB_COPD_DY,10,2022,460047,46
11,A_AB_COPD_DY,10,2017,461302,46
18,A_AB_COPD_DY,10,2019,460047,46
12,A_AB_COPD_DY,10,2020,460052,46
12,A_AB_COPD_DY,10,2022,460058,46
78,A_AB_COPD_DY,10,2020,460009,46
18,A_AB_COPD_DY,10,2017,460004,46
12,Emesis,10,2019,460021,46
12,A_AB_COPD_DY,10,2017,460019,46
12,Emesis,10,2021,460021,46
42,A_AB_COPD_DY,10,2022,460009,46
69,A_AB_COPD_DY,10,2017,460009,46
36,A_AB_COPD_DY,10,2021,460021,46
18,A_AB_COPD_DY,10,2017,460047,46
18,Emesis,10,2018,460009,46
12,A_AB_COPD_DY,10,2020,461307,46
18,A_AB_COPD_DY,10,2022,460042,46
18,A_AB_COPD_DY,10,2021,460015,46
18,A_AB_COPD_DY,10,2022,460023,46
12,Emesis,10,2021,460009,46
62,A_AB_COPD_DY,10,2018,460009,46
17,A_AB_COPD_DY,10,2019,460051,46
24,A_AB_COPD_DY,10,2022,460004,46
16,A_AB_COPD_DY,10,2017,460041,46
12,A_AB_COPD_DY,10,2018,460021,46
16,A_AB_COPD_DY,10,2017,460051,46
18,A_AB_COPD_DY,10,2021,460010,46
12,A_AB_COPD_DY,10,2021,460019,46
16,A_AB_COPD_DY,10,2021,460004,46
12,A_AB_COPD_DY,10,2018,460015,46
52,A_AB_COPD_DY,10,2019,460009,46
29,Emesis,11,2022,460009,46
14,A_AB_COPD_DY,11,2021,460010,46
12,A_AB_COPD_DY,11,2020,460015,46
12,A_AB_COPD_DY,11,2018,460047,46
18,Emesis,11,2020,460009,46
12,Emesis,11,2019,460021,46
23,A_AB_COPD_DY,11,2018,460007,46
30,A_AB_COPD_DY,11,2018,460004,46
34,A_AB_COPD_DY,11,2019,460009,46
12,A_AB_COPD_DY,11,2022,460015,46
31,A_AB_COPD_DY,11,2021,460021,46
18,A_AB_COPD_DY,11,2022,460051,46
12,A_AB_COPD_DY,11,2022,460011,46
12,A_AB_COPD_DY,11,2017,460021,46
76,A_AB_COPD_DY,11,2022,460009,46
39,A_AB_COPD_DY,11,2018,460021,46
60,A_AB_COPD_DY,11,2018,460009,46
25,A_AB_COPD_DY,11,2018,460010,46
12,A_AB_COPD_DY,11,2020,460001,46
24,A_AB_COPD_DY,11,2021,460015,46
42,A_AB_COPD_DY,11,2020,460021,46
18,A_AB_COPD_DY,11,2022,460004,46
12,A_AB_COPD_DY,11,2019,460003,46
15,A_AB_COPD_DY,11,2017,460010,46
12,A_AB_COPD_DY,11,2017,461335,46
18,A_AB_COPD_DY,11,2020,460047,46
24,A_AB_COPD_DY,11,2018,460001,46
12,A_AB_COPD_DY,11,2022,460007,46
11,A_AB_COPD_DY,11,2019,460010,46
60,A_AB_COPD_DY,11,2017,460009,46
12,A_AB_COPD_DY,11,2022,460057,46
54,A_AB_COPD_DY,11,2020,460009,46
12,A_AB_COPD_DY,11,2022,460005,46
11,A_AB_COPD_DY,11,2019,461335,46
15,A_AB_COPD_DY,11,2020,460013,46
12,Emesis,11,2018,460001,46
12,A_AB_COPD_DY,11,2019,460005,46
18,Emesis,11,2017,460009,46
42,A_AB_COPD_DY,11,2019,460021,46
12,A_AB_COPD_DY,11,2021,460001,46
12,A_AB_COPD_DY,11,2018,460005,46
23,A_AB_COPD_DY,11,2021,460009,46
31,A_AB_COPD_DY,11,2019,460047,46
30,A_AB_COPD_DY,11,2022,460021,46
12,A_AB_COPD_DY,11,2019,460006,46
24,A_AB_COPD_DY,11,2022,460010,46
42,A_AB_COPD_DY,11,2017,460047,46
18,A_AB_COPD_DY,11,2017,460015,46
12,A_AB_COPD_DY,11,2020,460041,46
24,A_AB_COPD_DY,12,2020,460021,46
12,A_AB_COPD_DY,12,2018,460004,46
12,Emesis,12,2020,460009,46
12,A_AB_COPD_DY,12,2022,460007,46
36,Emesis,12,2022,460009,46
18,A_AB_COPD_DY,12,2018,460051,46
11,A_AB_COPD_DY,12,2018,460006,46
18,A_AB_COPD_DY,12,2020,460004,46
24,A_AB_COPD_DY,12,2019,460021,46
12,A_AB_COPD_DY,12,2021,461303,46
12,Emesis,12,2019,460009,46
24,A_AB_COPD_DY,12,2021,460010,46
18,A_AB_COPD_DY,12,2017,460001,46
18,A_AB_COPD_DY,12,2017,460047,46
14,A_AB_COPD_DY,12,2018,460047,46
36,A_AB_COPD_DY,12,2022,460021,46
22,A_AB_COPD_DY,12,2017,460004,46
42,A_AB_COPD_DY,12,2018,460009,46
12,Emesis,12,2022,460010,46
66,A_AB_COPD_DY,12,2022,460009,46
21,Emesis,12,2021,460009,46
12,Emesis,12,2020,460001,46
28,A_AB_COPD_DY,12,2018,460021,46
12,A_AB_COPD_DY,12,2019,460047,46
18,Emesis,12,2018,460009,46
18,A_AB_COPD_DY,12,2020,460001,46
12,A_AB_COPD_DY,12,2018,460019,46
29,A_AB_COPD_DY,12,2022,460010,46
12,A_AB_COPD_DY,12,2020,460017,46
11,A_AB_COPD_DY,12,2021,460051,46
44,A_AB_COPD_DY,12,2017,460009,46
73,A_AB_COPD_DY,12,2019,460009,46
12,A_AB_COPD_DY,12,2020,460007,46
12,A_AB_COPD_DY,12,2017,460041,46
31,A_AB_COPD_DY,12,2019,460010,46
24,A_AB_COPD_DY,12,2017,460010,46
22,A_AB_COPD_DY,12,2017,460015,46
47,A_AB_COPD_DY,12,2021,460009,46
12,A_AB_COPD_DY,12,2017,460014,46
42,A_AB_COPD_DY,12,2020,460009,46
12,A_AB_COPD_DY,12,2018,460001,46
11,Emesis,12,2022,460058,46
12,A_AB_COPD_DY,13,2017,460001,46
31,A_AB_COPD_DY,13,2019,460021,46
13,A_AB_COPD_DY,13,2020,460004,46
16,A_AB_COPD_DY,13,2018,460015,46
22,A_AB_COPD_DY,13,2017,460021,46
18,A_AB_COPD_DY,13,2022,460004,46
26,A_AB_COPD_DY,13,2017,460010,46
18,A_AB_COPD_DY,13,2021,460047,46
12,Emesis,13,2017,462540,46
54,A_AB_COPD_DY,13,2017,460009,46
12,Emesis,13,2017,460001,46
24,A_AB_COPD_DY,13,2021,460021,46
53,A_AB_COPD_DY,13,2021,460009,46
12,A_AB_COPD_DY,13,2022,460015,46
12,A_AB_COPD_DY,13,2022,460047,46
12,A_AB_COPD_DY,13,2017,460005,46
12,A_AB_COPD_DY,13,2018,460004,46
18,A_AB_COPD_DY,13,2021,460011,46
12,A_AB_COPD_DY,13,2019,461302,46
18,A_AB_COPD_DY,13,2019,460001,46
12,A_AB_COPD_DY,13,2018,460051,46
12,A_AB_COPD_DY,13,2020,460051,46
13,Emesis,13,2017,460009,46
12,A_AB_COPD_DY,13,2019,460015,46
12,Emesis,13,2019,462548,46
24,A_AB_COPD_DY,13,2017,460047,46
18,Emesis,13,2018,460021,46
17,A_AB_COPD_DY,13,2021,461307,46
54,A_AB_COPD_DY,13,2022,460009,46
17,A_AB_COPD_DY,13,2019,460010,46
16,A_AB_COPD_DY,13,2019,460014,46
12,Emesis,13,2017,460014,46
12,Emesis,13,2018,460052,46
18,Emesis,13,2019,460009,46
24,A_AB_COPD_DY,13,2018,460021,46
12,Emesis,13,2018,460057,46
18,A_AB_COPD_DY,13,2020,460007,46
45,A_AB_COPD_DY,13,2018,460009,46
30,A_AB_COPD_DY,13,2021,460010,46
18,Emesis,13,2022,460009,46
18,A_AB_COPD_DY,13,2022,460021,46
74,A_AB_COPD_DY,13,2019,460009,46
36,Emesis,13,2022,460021,46
23,A_AB_COPD_DY,14,2019,460021,46
24,Emesis,14,2021,460009,46
12,Emesis,14,2022,460009,46
14,Emesis,14,2017,460009,46
12,A_AB_COPD_DY,14,2018,460001,46
12,A_AB_COPD_DY,14,2019,461302,46
12,A_AB_COPD_DY,14,2020,460009,46
30,A_AB_COPD_DY,14,2019,460009,46
12,A_AB_COPD_DY,14,2021,460015,46
12,A_AB_COPD_DY,14,2022,460051,46
12,A_AB_COPD_DY,14,2022,460004,46
12,A_AB_COPD_DY,14,2019,460001,46
18,A_AB_COPD_DY,14,2020,460001,46
18,A_AB_COPD_DY,14,2021,460004,46
12,A_AB_COPD_DY,14,2019,460051,46
52,A_AB_COPD_DY,14,2017,460021,46
43,A_AB_COPD_DY,14,2017,460009,46
16,A_AB_COPD_DY,14,2017,460015,46
12,A_AB_COPD_DY,14,2021,460051,46
12,A_AB_COPD_DY,14,2022,460010,46
36,A_AB_COPD_DY,14,2021,460021,46
19,A_AB_COPD_DY,14,2018,460004,46
18,Emesis,14,2018,460009,46
12,A_AB_COPD_DY,14,2017,460010,46
18,A_AB_COPD_DY,14,2019,460047,46
12,A_AB_COPD_DY,14,2021,460001,46
11,A_AB_COPD_DY,14,2020,460013,46
12,A_AB_COPD_DY,14,2017,460004,46
12,Emesis,14,2017,460001,46
12,A_AB_COPD_DY,14,2019,460010,46
49,A_AB_COPD_DY,14,2018,460009,46
12,A_AB_COPD_DY,14,2022,460021,46
12,Emesis,14,2019,460001,46
54,A_AB_COPD_DY,14,2022,460009,46
12,Emesis,14,2022,460011,46
41,A_AB_COPD_DY,14,2018,460021,46
18,Emesis,14,2017,460021,46
12,A_AB_COPD_DY,14,2021,461307,46
59,A_AB_COPD_DY,14,2021,460009,46
12,A_AB_COPD_DY,14,2017,460007,46
12,A_AB_COPD_DY,14,2019,461310,46
12,Emesis,15,2019,460021,46
24,Emesis,15,2017,460009,46
12,A_AB_COPD_DY,15,2017,460005,46
12,A_AB_COPD_DY,15,2018,460010,46
12,Emesis,15,2019,460009,46
46,A_AB_COPD_DY,15,2021,460021,46
12,A_AB_COPD_DY,15,2020,460015,46
12,A_AB_COPD_DY,15,2021,460051,46
12,A_AB_COPD_DY,15,2022,460004,46
15,Emesis,15,2018,460021,46
24,A_AB_COPD_DY,15,2022,460021,46
15,A_AB_COPD_DY,15,2017,460014,46
12,A_AB_COPD_DY,15,2019,461302,46
18,A_AB_COPD_DY,15,2022,460047,46
11,A_AB_COPD_DY,15,2018,460011,46
12,A_AB_COPD_DY,15,2017,460007,46
18,A_AB_COPD_DY,15,2019,460041,46
12,A_AB_COPD_DY,15,2022,460013,46
17,A_AB_COPD_DY,15,2022,460006,46
24,A_AB_COPD_DY,15,2017,460009,46
15,A_AB_COPD_DY,15,2019,460010,46
12,A_AB_COPD_DY,15,2020,463810,46
59,A_AB_COPD_DY,15,2022,460009,46
81,A_AB_COPD_DY,15,2019,460009,46
50,A_AB_COPD_DY,15,2021,460009,46
18,A_AB_COPD_DY,15,2020,460009,46
40,A_AB_COPD_DY,15,2019,460021,46
18,A_AB_COPD_DY,15,2022,460010,46
31,Emesis,15,2022,460009,46
82,A_AB_COPD_DY,15,2018,460009,46
22,Emesis,15,2021,460009,46
23,A_AB_COPD_DY,15,2017,460004,46
12,Emesis,15,2022,460021,46
18,A_AB_COPD_DY,15,2021,460047,46
18,A_AB_COPD_DY,15,2018,460001,46
17,A_AB_COPD_DY,15,2020,460021,46
12,A_AB_COPD_DY,15,2018,460047,46
12,A_AB_COPD_DY,16,2017,460039,46
12,A_AB_COPD_DY,16,2017,460007,46
12,Emesis,16,2022,460009,46
12,A_AB_COPD_DY,16,2018,460005,46
12,A_AB_COPD_DY,16,2021,460015,46
18,A_AB_COPD_DY,16,2017,460047,46
12,A_AB_COPD_DY,16,2019,460047,46
12,Emesis,16,2018,460047,46
20,A_AB_COPD_DY,16,2017,460042,46
12,A_AB_COPD_DY,16,2022,460006,46
16,A_AB_COPD_DY,16,2021,460021,46
12,A_AB_COPD_DY,16,2022,460015,46
52,A_AB_COPD_DY,16,2021,460009,46
47,A_AB_COPD_DY,16,2022,460009,46
22,Emesis,16,2017,460009,46
18,A_AB_COPD_DY,16,2018,460021,46
16,Emesis,16,2018,460009,46
12,A_AB_COPD_DY,16,2018,460015,46
14,A_AB_COPD_DY,16,2018,460047,46
18,A_AB_COPD_DY,16,2022,460047,46
28,A_AB_COPD_DY,16,2021,460047,46
53,A_AB_COPD_DY,16,2018,460009,46
24,A_AB_COPD_DY,16,2022,460021,46
12,A_AB_COPD_DY,16,2020,460047,46
60,A_AB_COPD_DY,16,2017,460009,46
11,A_AB_COPD_DY,16,2017,460014,46
36,A_AB_COPD_DY,16,2021,460010,46
14,A_AB_COPD_DY,16,2019,460010,46
14,A_AB_COPD_DY,16,2017,460004,46
12,A_AB_COPD_DY,16,2022,460019,46
11,Emesis,16,2021,460009,46
12,A_AB_COPD_DY,16,2017,460021,46
25,A_AB_COPD_DY,16,2019,460021,46
11,A_AB_COPD_DY,16,2019,461309,46
16,A_AB_COPD_DY,16,2018,460010,46
12,A_AB_COPD_DY,16,2022,460041,46
24,A_AB_COPD_DY,16,2017,460051,46
18,A_AB_COPD_DY,16,2021,460051,46
12,Emesis,16,2019,460015,46
12,A_AB_COPD_DY,16,2020,460015,46
18,A_AB_COPD_DY,16,2018,460004,46
30,A_AB_COPD_DY,16,2020,460009,46
12,A_AB_COPD_DY,16,2017,460005,46
18,Emesis,16,2019,460009,46
42,A_AB_COPD_DY,16,2019,460009,46
12,A_AB_COPD_DY,16,2022,460017,46
12,Emesis,16,2018,460021,46
11,A_AB_COPD_DY,16,2020,460041,46
12,A_AB_COPD_DY,16,2019,460011,46
30,A_AB_COPD_DY,17,2020,460021,46
12,A_AB_COPD_DY,17,2021,460051,46
24,A_AB_COPD_DY,17,2022,460047,46
18,A_AB_COPD_DY,17,2020,460047,46
12,A_AB_COPD_DY,17,2017,460047,46
12,Emesis,17,2019,460021,46
30,A_AB_COPD_DY,17,2021,460009,46
18,Emesis,17,2017,460009,46
31,Emesis,17,2022,460009,46
23,A_AB_COPD_DY,17,2019,460021,46
31,A_AB_COPD_DY,17,2019,460004,46
17,A_AB_COPD_DY,17,2019,460001,46
18,A_AB_COPD_DY,17,2020,460011,46
18,A_AB_COPD_DY,17,2022,460007,46
12,A_AB_COPD_DY,17,2018,461815,46
12,Emesis,17,2022,460004,46
18,A_AB_COPD_DY,17,2017,460007,46
12,Emesis,17,2022,460047,46
12,A_AB_COPD_DY,17,2022,460004,46
12,Emesis,17,2017,461801,46
12,A_AB_COPD_DY,17,2019,460011,46
23,A_AB_COPD_DY,17,2017,460010,46
12,A_AB_COPD_DY,17,2019,460015,46
18,A_AB_COPD_DY,17,2017,460004,46
58,A_AB_COPD_DY,17,2019,460009,46
18,A_AB_COPD_DY,17,2021,460047,46
30,A_AB_COPD_DY,17,2022,460009,46
24,A_AB_COPD_DY,17,2020,460009,46
12,A_AB_COPD_DY,17,2021,460058,46
12,A_AB_COPD_DY,17,2019,460047,46
23,A_AB_COPD_DY,17,2021,460021,46
18,A_AB_COPD_DY,17,2021,460007,46
12,A_AB_COPD_DY,17,2021,460010,46
30,A_AB_COPD_DY,17,2022,460021,46
47,A_AB_COPD_DY,17,2018,460009,46
60,A_AB_COPD_DY,17,2017,460009,46
30,A_AB_COPD_DY,17,2018,460021,46
17,Emesis,17,2017,460004,46
12,A_AB_COPD_DY,17,2020,460061,46
21,A_AB_COPD_DY,17,2018,460051,46
12,A_AB_COPD_DY,17,2018,460005,46
11,A_AB_COPD_DY,17,2019,460007,46
13,A_AB_COPD_DY,17,2017,460021,46
12,A_AB_COPD_DY,17,2018,460047,46
12,A_AB_COPD_DY,18,2021,460007,46
12,A_AB_COPD_DY,18,2021,460004,46
12,A_AB_COPD_DY,18,2021,460011,46
12,Emesis,18,2018,460021,46
21,A_AB_COPD_DY,18,2017,460004,46
12,Emesis,18,2022,460021,46
18,A_AB_COPD_DY,18,2017,460021,46
12,A_AB_COPD_DY,18,2017,460005,46
62,A_AB_COPD_DY,18,2021,460010,46
18,A_AB_COPD_DY,18,2022,460021,46
11,A_AB_COPD_DY,18,2019,460007,46
12,Emesis,18,2017,460021,46
12,Emesis,18,2019,460006,46
24,A_AB_COPD_DY,18,2019,460010,46
24,Emesis,18,2018,460009,46
14,A_AB_COPD_DY,18,2021,460021,46
12,Emesis,18,2018,460004,46
23,A_AB_COPD_DY,18,2018,460010,46
19,A_AB_COPD_DY,18,2018,460021,46
12,A_AB_COPD_DY,18,2019,460021,46
11,A_AB_COPD_DY,18,2018,460030,46
18,Emesis,18,2020,460011,46
50,A_AB_COPD_DY,18,2022,460009,46
12,A_AB_COPD_DY,18,2019,461302,46
24,A_AB_COPD_DY,18,2017,460010,46
24,A_AB_COPD_DY,18,2018,460004,46
24,Emesis,18,2021,460009,46
12,A_AB_COPD_DY,18,2021,461802,46
54,A_AB_COPD_DY,18,2020,460009,46
43,A_AB_COPD_DY,18,2019,460009,46
12,A_AB_COPD_DY,18,2020,460007,46
18,A_AB_COPD_DY,18,2019,460011,46
18,Emesis,18,2017,460010,46
72,A_AB_COPD_DY,18,2017,460009,46
18,Emesis,18,2017,460058,46
19,Emesis,18,2019,460009,46
115,A_AB_COPD_DY,18,2021,460009,46
21,A_AB_COPD_DY,18,2019,460004,46
12,Emesis,18,2021,460010,46
12,A_AB_COPD_DY,18,2018,460001,46
30,A_AB_COPD_DY,18,2018,460009,46
18,A_AB_COPD_DY,18,2021,460023,46
12,A_AB_COPD_DY,18,2017,460047,46
12,A_AB_COPD_DY,18,2020,460015,46
12,A_AB_COPD_DY,18,2020,460021,46
24,A_AB_COPD_DY,18,2021,460051,46
12,A_AB_COPD_DY,18,2022,460011,46
12,Emesis,18,2019,462548,46
12,A_AB_COPD_DY,18,2019,460051,46
12,A_AB_COPD_DY,19,2018,460042,46
73,A_AB_COPD_DY,19,2017,460009,46
16,A_AB_COPD_DY,19,2021,460007,46
12,Emesis,19,2018,460021,46
37,A_AB_COPD_DY,19,2017,460047,46
12,A_AB_COPD_DY,19,2019,460001,46
12,Emesis,19,2022,460009,46
12,A_AB_COPD_DY,19,2022,460047,46
30,A_AB_COPD_DY,19,2021,460010,46
30,A_AB_COPD_DY,19,2022,460010,46
12,A_AB_COPD_DY,19,2020,460015,46
64,A_AB_COPD_DY,19,2019,460009,46
18,A_AB_COPD_DY,19,2017,460021,46
42,A_AB_COPD_DY,19,2019,460021,46
32,A_AB_COPD_DY,19,2018,460021,46
11,A_AB_COPD_DY,19,2018,460014,46
12,A_AB_COPD_DY,19,2022,460007,46
12,Emesis,19,2017,460021,46
52,A_AB_COPD_DY,19,2018,460009,46
17,A_AB_COPD_DY,19,2022,460021,46
12,A_AB_COPD_DY,19,2017,460058,46
12,A_AB_COPD_DY,19,2020,460004,46
11,A_AB_COPD_DY,19,2019,460004,46
37,A_AB_COPD_DY,19,2020,460009,46
21,A_AB_COPD_DY,19,2017,460010,46
28,A_AB_COPD_DY,19,2021,460047,46
34,A_AB_COPD_DY,19,2018,460010,46
42,A_AB_COPD_DY,19,2021,460009,46
24,A_AB_COPD_DY,19,2018,460004,46
36,A_AB_COPD_DY,19,2020,460021,46
12,Emesis,19,2020,460021,46
36,A_AB_COPD_DY,19,2021,460021,46
12,A_AB_COPD_DY,19,2017,460011,46
77,A_AB_COPD_DY,19,2022,460009,46
14,A_AB_COPD_DY,19,2019,460010,46
12,Emesis,19,2021,460021,46
54,A_AB_COPD_DY,19,2017,460004,46
18,A_AB_COPD_DY,19,2018,460001,46
12,A_AB_COPD_DY,20,2017,460001,46
20,A_AB_COPD_DY,20,2018,460021,46
18,Emesis,20,2018,460021,46
12,A_AB_COPD_DY,20,2019,460060,46
37,A_AB_COPD_DY,20,2020,460021,46
28,A_AB_COPD_DY,20,2019,460021,46
12,A_AB_COPD_DY,20,2018,460057,46
18,A_AB_COPD_DY,20,2017,460005,46
27,A_AB_COPD_DY,20,2017,460021,46
51,A_AB_COPD_DY,20,2021,460009,46
59,A_AB_COPD_DY,20,2018,460009,46
41,A_AB_COPD_DY,20,2022,460009,46
12,A_AB_COPD_DY,20,2020,460058,46
18,A_AB_COPD_DY,20,2021,460004,46
12,A_AB_COPD_DY,20,2019,460026,46
11,A_AB_COPD_DY,20,2017,460006,46
16,Emesis,20,2021,460009,46
12,A_AB_COPD_DY,20,2022,460006,46
26,A_AB_COPD_DY,20,2022,460021,46
12,A_AB_COPD_DY,20,2021,460007,46
12,A_AB_COPD_DY,20,2022,460062,46
12,A_AB_COPD_DY,20,2021,460042,46
51,A_AB_COPD_DY,20,2021,460021,46
18,A_AB_COPD_DY,20,2021,460047,46
34,A_AB_COPD_DY,20,2019,460009,46
12,Emesis,20,2017,460021,46
74,A_AB_COPD_DY,20,2017,460009,46
12,A_AB_COPD_DY,20,2019,460014,46
24,A_AB_COPD_DY,20,2017,460004,46
24,A_AB_COPD_DY,20,2022,460010,46
12,A_AB_COPD_DY,20,2018,460047,46
12,A_AB_COPD_DY,20,2020,460047,46
18,Emesis,20,2022,460021,46
19,A_AB_COPD_DY,20,2018,460010,46
36,A_AB_COPD_DY,20,2017,460010,46
18,A_AB_COPD_DY,20,2017,460047,46
12,Emesis,20,2018,460009,46
12,A_AB_COPD_DY,20,2020,460004,46
36,A_AB_COPD_DY,20,2020,460009,46
12,A_AB_COPD_DY,20,2022,460042,46
36,A_AB_COPD_DY,20,2019,460010,46
12,A_AB_COPD_DY,21,2018,460047,46
12,A_AB_COPD_DY,21,2017,460004,46
56,A_AB_COPD_DY,21,2020,460009,46
18,A_AB_COPD_DY,21,2020,460015,46
30,A_AB_COPD_DY,21,2017,460021,46
12,A_AB_COPD_DY,21,2022,460004,46
28,A_AB_COPD_DY,21,2019,460004,46
12,A_AB_COPD_DY,21,2020,460047,46
19,Emesis,21,2021,460009,46
18,A_AB_COPD_DY,21,2019,461302,46
12,A_AB_COPD_DY,21,2021,460058,46
18,A_AB_COPD_DY,21,2020,460021,46
16,A_AB_COPD_DY,21,2019,460047,46
12,A_AB_COPD_DY,21,2021,460009,46
17,A_AB_COPD_DY,21,2017,460047,46
12,A_AB_COPD_DY,21,2022,460006,46
24,A_AB_COPD_DY,21,2018,460011,46
12,A_AB_COPD_DY,21,2020,460014,46
73,A_AB_COPD_DY,21,2017,460009,46
12,Emesis,21,2017,46T051,46
12,A_AB_COPD_DY,21,2018,460010,46
24,A_AB_COPD_DY,21,2018,460021,46
22,Emesis,21,2017,460009,46
21,A_AB_COPD_DY,21,2021,460021,46
12,Emesis,21,2018,460009,46
12,A_AB_COPD_DY,21,2020,460010,46
12,Emesis,21,2022,460009,46
18,A_AB_COPD_DY,21,2019,460015,46
15,A_AB_COPD_DY,21,2018,460004,46
52,A_AB_COPD_DY,21,2019,460009,46
16,A_AB_COPD_DY,21,2021,460047,46
12,Emesis,21,2017,460001,46
12,A_AB_COPD_DY,21,2022,460010,46
12,A_AB_COPD_DY,21,2022,460051,46
12,A_AB_COPD_DY,21,2017,460015,46
12,A_AB_COPD_DY,21,2019,460042,46
54,A_AB_COPD_DY,21,2022,460009,46
24,Emesis,21,2019,460009,46
12,A_AB_COPD_DY,21,2021,460023,46
12,A_AB_COPD_DY,21,2021,460001,46
11,A_AB_COPD_DY,21,2021,460007,46
12,A_AB_COPD_DY,21,2022,460007,46
12,A_AB_COPD_DY,21,2019,463813,46
24,A_AB_COPD_DY,21,2022,460047,46
40,A_AB_COPD_DY,21,2018,460009,46
12,A_AB_COPD_DY,22,2017,460007,46
12,A_AB_COPD_DY,22,2017,460026,46
12,A_AB_COPD_DY,22,2020,460010,46
12,A_AB_COPD_DY,22,2021,460004,46
26,A_AB_COPD_DY,22,2019,460021,46
15,A_AB_COPD_DY,22,2019,460004,46
18,A_AB_COPD_DY,22,2017,460047,46
18,Emesis,22,2018,460009,46
12,Emesis,22,2021,460009,46
12,Emesis,22,2022,460021,46
12,A_AB_COPD_DY,22,2020,460047,46
42,A_AB_COPD_DY,22,2022,460009,46
18,A_AB_COPD_DY,22,2017,460004,46
15,A_AB_COPD_DY,22,2019,460010,46
12,A_AB_COPD_DY,22,2018,460004,46
12,A_AB_COPD_DY,22,2019,460051,46
18,Emesis,22,2020,460009,46
18,A_AB_COPD_DY,22,2020,460021,46
29,A_AB_COPD_DY,22,2021,460009,46
14,A_AB_COPD_DY,22,2018,460007,46
53,A_AB_COPD_DY,22,2017,460009,46
12,Emesis,22,2019,460009,46
11,Emesis,22,2018,461307,46
12,Emesis,22,2018,462543,46
22,Emesis,22,2017,460009,46
45,A_AB_COPD_DY,22,2019,460009,46
16,A_AB_COPD_DY,22,2022,460004,46
16,A_AB_COPD_DY,22,2017,460051,46
12,A_AB_COPD_DY,22,2021,460021,46
51,A_AB_COPD_DY,22,2018,460009,46
16,A_AB_COPD_DY,22,2018,460021,46
12,Emesis,22,2022,460009,46
12,A_AB_COPD_DY,22,2018,460005,46
12,Emesis,22,2022,460004,46
12,A_AB_COPD_DY,22,2019,460023,46
16,A_AB_COPD_DY,22,2021,460001,46
24,A_AB_COPD_DY,22,2018,460001,46
23,A_AB_COPD_DY,22,2017,460021,46
18,A_AB_COPD_DY,22,2022,460010,46
12,Emesis,22,2018,460021,46
48,A_AB_COPD_DY,22,2020,460009,46
18,A_AB_COPD_DY,22,2021,460010,46
12,A_AB_COPD_DY,22,2017,460060,46
30,Emesis,23,2022,460009,46
12,A_AB_COPD_DY,23,2017,460010,46
18,A_AB_COPD_DY,23,2021,460021,46
24,A_AB_COPD_DY,23,2020,460021,46
18,Emesis,23,2020,460009,46
11,A_AB_COPD_DY,23,2017,460006,46
23,A_AB_COPD_DY,23,2019,460021,46
12,Emesis,23,2020,460010,46
12,A_AB_COPD_DY,23,2018,461302,46
42,A_AB_COPD_DY,23,2020,460009,46
30,A_AB_COPD_DY,23,2021,460047,46
12,A_AB_COPD_DY,23,2022,460051,46
18,A_AB_COPD_DY,23,2022,460047,46
12,A_AB_COPD_DY,23,2019,460005,46
48,A_AB_COPD_DY,23,2022,460009,46
24,A_AB_COPD_DY,23,2022,460021,46
30,A_AB_COPD_DY,23,2019,460010,46
18,A_AB_COPD_DY,23,2019,460026,46
12,A_AB_COPD_DY,23,2020,460010,46
12,A_AB_COPD_DY,23,2018,460011,46
32,A_AB_COPD_DY,23,2018,460009,46
18,A_AB_COPD_DY,23,2020,460001,46
12,Emesis,23,2019,460010,46
18,Emesis,23,2021,460009,46
30,A_AB_COPD_DY,23,2021,460009,46
51,A_AB_COPD_DY,23,2017,460009,46
12,A_AB_COPD_DY,23,2021,460041,46
17,A_AB_COPD_DY,23,2019,460004,46
19,A_AB_COPD_DY,23,2020,460004,46
12,A_AB_COPD_DY,23,2017,460021,46
57,A_AB_COPD_DY,23,2019,460009,46
24,A_AB_COPD_DY,23,2018,460047,46
18,A_AB_COPD_DY,23,2022,460010,46
12,A_AB_COPD_DY,23,2018,460021,46
12,A_AB_COPD_DY,23,2018,460004,46
12,A_AB_COPD_DY,23,2020,460047,46
12,A_AB_COPD_DY,23,2019,460051,46
12,A_AB_COPD_DY,23,2022,460006,46
12,A_AB_COPD_DY,23,2017,460051,46
18,Emesis,23,2017,460009,46
12,A_AB_COPD_DY,23,2018,460010,46
12,A_AB_COPD_DY,23,2020,460005,46
12,A_AB_COPD_DY,23,2018,460057,46
18,A_AB_COPD_DY,23,2019,460047,46
12,A_AB_COPD_DY,23,2020,460023,46
14,A_AB_COPD_DY,24,2017,460006,46
17,A_AB_COPD_DY,24,2019,460021,46
53,A_AB_COPD_DY,24,2018,460009,46
12,A_AB_COPD_DY,24,2020,460047,46
12,A_AB_COPD_DY,24,2020,460004,46
18,A_AB_COPD_DY,24,2018,460021,46
25,A_AB_COPD_DY,24,2018,460004,46
24,A_AB_COPD_DY,24,2021,460004,46
13,A_AB_COPD_DY,24,2019,460001,46
12,A_AB_COPD_DY,24,2017,460015,46
12,A_AB_COPD_DY,24,2021,460015,46
42,A_AB_COPD_DY,24,2020,460021,46
41,A_AB_COPD_DY,24,2021,460009,46
18,A_AB_COPD_DY,24,2021,460001,46
15,A_AB_COPD_DY,24,2017,460004,46
24,A_AB_COPD_DY,24,2021,460010,46
18,Emesis,24,2022,460001,46
24,A_AB_COPD_DY,24,2018,460010,46
18,A_AB_COPD_DY,24,2017,460021,46
24,A_AB_COPD_DY,24,2022,460010,46
12,A_AB_COPD_DY,24,2018,460051,46
12,Emesis,24,2017,460058,46
18,Emesis,24,2020,460009,46
12,A_AB_COPD_DY,24,2018,460011,46
12,Emesis,24,2019,460015,46
35,Emesis,24,2022,460009,46
16,A_AB_COPD_DY,24,2018,460007,46
12,A_AB_COPD_DY,24,2018,460057,46
58,A_AB_COPD_DY,24,2017,460009,46
12,A_AB_COPD_DY,24,2022,460001,46
12,A_AB_COPD_DY,24,2018,460006,46
48,A_AB_COPD_DY,24,2022,460009,46
12,A_AB_COPD_DY,24,2021,460011,46
24,A_AB_COPD_DY,24,2020,460009,46
12,A_AB_COPD_DY,24,2022,460058,46
18,A_AB_COPD_DY,24,2022,460047,46
12,Emesis,24,2017,460004,46
12,Emesis,24,2017,460010,46
22,A_AB_COPD_DY,24,2019,460041,46
18,A_AB_COPD_DY,24,2021,460021,46
23,A_AB_COPD_DY,24,2019,460010,46
18,A_AB_COPD_DY,24,2018,460047,46
24,Emesis,24,2021,460009,46
18,A_AB_COPD_DY,24,2021,460047,46
56,A_AB_COPD_DY,24,2019,460009,46
15,Emesis,24,2018,460010,46
12,A_AB_COPD_DY,24,2020,460010,46
11,Emesis,24,2017,460042,46
12,A_AB_COPD_DY,25,2020,460015,46
12,A_AB_COPD_DY,25,2021,460047,46
12,A_AB_COPD_DY,25,2022,460015,46
12,A_AB_COPD_DY,25,2017,460011,46
18,A_AB_COPD_DY,25,2017,460047,46
11,A_AB_COPD_DY,25,2019,460015,46
12,A_AB_COPD_DY,25,2021,460023,46
12,A_AB_COPD_DY,25,2019,460005,46
56,A_AB_COPD_DY,25,2020,460009,46
20,A_AB_COPD_DY,25,2019,460021,46
18,Emesis,25,2019,460009,46
24,Emesis,25,2018,460009,46
18,A_AB_COPD_DY,25,2020,460010,46
24,A_AB_COPD_DY,25,2017,460009,46
24,A_AB_COPD_DY,25,2018,460021,46
16,A_AB_COPD_DY,25,2018,460051,46
12,A_AB_COPD_DY,25,2022,460026,46
25,A_AB_COPD_DY,25,2018,460009,46
14,A_AB_COPD_DY,25,2021,460021,46
24,A_AB_COPD_DY,25,2019,460010,46
12,A_AB_COPD_DY,25,2022,460005,46
15,A_AB_COPD_DY,25,2021,461335,46
18,A_AB_COPD_DY,25,2017,460004,46
24,A_AB_COPD_DY,25,2018,460010,46
18,A_AB_COPD_DY,25,2022,460021,46
18,A_AB_COPD_DY,25,2018,460058,46
13,Emesis,25,2022,460021,46
12,A_AB_COPD_DY,25,2017,460010,46
11,A_AB_COPD_DY,25,2018,460011,46
70,A_AB_COPD_DY,25,2022,460009,46
23,A_AB_COPD_DY,25,2021,460010,46
24,A_AB_COPD_DY,25,2018,460004,46
12,A_AB_COPD_DY,25,2022,460001,46
34,A_AB_COPD_DY,25,2019,460009,46
20,A_AB_COPD_DY,25,2019,460047,46
17,A_AB_COPD_DY,25,2021,460011,46
24,A_AB_COPD_DY,25,2019,460004,46
42,A_AB_COPD_DY,25,2020,460021,46
34,A_AB_COPD_DY,25,2021,460009,46
12,Emesis,25,2021,460010,46
12,A_AB_COPD_DY,25,2017,460026,46
30,A_AB_COPD_DY,26,2020,460021,46
12,Emesis,26,2017,460011,46
18,A_AB_COPD_DY,26,2019,460015,46
12,A_AB_COPD_DY,26,2021,460010,46
12,A_AB_COPD_DY,26,2019,460026,46
13,Emesis,26,2018,462525,46
35,A_AB_COPD_DY,26,2021,460021,46
18,A_AB_COPD_DY,26,2017,460004,46
18,Emesis,26,2019,460009,46
12,Emesis,26,2022,460009,46
18,A_AB_COPD_DY,26,2018,460004,46
24,Emesis,26,2017,460009,46
16,A_AB_COPD_DY,26,2018,460021,46
12,A_AB_COPD_DY,26,2021,460023,46
29,A_AB_COPD_DY,26,2018,460007,46
30,A_AB_COPD_DY,26,2017,460009,46
24,A_AB_COPD_DY,26,2020,460007,46
36,A_AB_COPD_DY,26,2017,460047,46
12,Emesis,26,2017,460010,46
12,Emesis,26,2020,460009,46
57,A_AB_COPD_DY,26,2021,460009,46
18,A_AB_COPD_DY,26,2017,460007,46
24,A_AB_COPD_DY,26,2021,460007,46
12,A_AB_COPD_DY,26,2021,460004,46
17,A_AB_COPD_DY,26,2018,460011,46
12,A_AB_COPD_DY,26,2020,460004,46
55,A_AB_COPD_DY,26,2019,460009,46
12,A_AB_COPD_DY,26,2022,460041,46
24,A_AB_COPD_DY,26,2020,460009,46
12,A_AB_COPD_DY,26,2022,460021,46
12,Emesis,26,2017,460013,46
19,A_AB_COPD_DY,26,2017,460021,46
12,A_AB_COPD_DY,26,2022,460004,46
18,A_AB_COPD_DY,26,2022,460009,46
63,A_AB_COPD_DY,26,2018,460009,46
12,A_AB_COPD_DY,26,2018,460047,46
18,A_AB_COPD_DY,26,2022,460010,46
18,A_AB_COPD_DY,26,2019,460007,46
24,A_AB_COPD_DY,26,2019,460010,46
12,A_AB_COPD_DY,26,2019,460047,46
11,Emesis,26,2018,460023,46
58,A_AB_COPD_DY,27,2022,460009,46
12,A_AB_COPD_DY,27,2021,460047,46
18,A_AB_COPD_DY,27,2020,460015,46
12,A_AB_COPD_DY,27,2020,460007,46
12,A_AB_COPD_DY,27,2022,460004,46
18,Emesis,27,2017,460021,46
12,A_AB_COPD_DY,27,2022,460047,46
24,A_AB_COPD_DY,27,2018,460010,46
12,A_AB_COPD_DY,27,2022,460021,46
12,Emesis,27,2020,460047,46
12,A_AB_COPD_DY,27,2021,460001,46
12,Emesis,27,2018,460051,46
24,A_AB_COPD_DY,27,2020,460047,46
12,A_AB_COPD_DY,27,2019,460004,46
12,A_AB_COPD_DY,27,2018,460001,46
16,A_AB_COPD_DY,27,2018,460042,46
18,A_AB_COPD_DY,27,2022,460015,46
12,Emesis,27,2022,460010,46
13,A_AB_COPD_DY,27,2018,460007,46
30,A_AB_COPD_DY,27,2017,460009,46
12,Emesis,27,2018,460010,46
11,Emesis,27,2022,460009,46
16,A_AB_COPD_DY,27,2018,460009,46
12,Emesis,27,2020,460004,46
35,A_AB_COPD_DY,27,2021,460009,46
12,A_AB_COPD_DY,27,2018,461304,46
12,A_AB_COPD_DY,27,2019,460023,46
11,Emesis,27,2018,460041,46
12,A_AB_COPD_DY,27,2019,460006,46
18,A_AB_COPD_DY,27,2020,460004,46
19,A_AB_COPD_DY,27,2017,460021,46
17,Emesis,27,2020,460015,46
12,A_AB_COPD_DY,27,2020,460021,46
20,A_AB_COPD_DY,27,2018,460047,46
18,A_AB_COPD_DY,27,2019,460051,46
12,A_AB_COPD_DY,27,2017,460047,46
12,A_AB_COPD_DY,27,2019,460047,46
12,A_AB_COPD_DY,27,2019,460001,46
41,A_AB_COPD_DY,27,2019,460009,46
12,Emesis,27,2020,460021,46
12,A_AB_COPD_DY,27,2021,460007,46
18,A_AB_COPD_DY,27,2018,460021,46
18,A_AB_COPD_DY,27,2022,460041,46
12,A_AB_COPD_DY,27,2019,460021,46
12,A_AB_COPD_DY,27,2017,460041,46
28,A_AB_COPD_DY,28,2021,460004,46
30,Emesis,28,2019,460009,46
13,A_AB_COPD_DY,28,2022,460004,46
24,A_AB_COPD_DY,28,2020,460021,46
12,A_AB_COPD_DY,28,2018,460007,46
42,A_AB_COPD_DY,28,2017,460009,46
16,A_AB_COPD_DY,28,2018,460015,46
12,A_AB_COPD_DY,28,2021,460015,46
11,A_AB_COPD_DY,28,2017,460007,46
12,A_AB_COPD_DY,28,2018,460041,46
12,A_AB_COPD_DY,28,2019,460023,46
12,A_AB_COPD_DY,28,2019,460015,46
12,A_AB_COPD_DY,28,2020,460041,46
54,A_AB_COPD_DY,28,2022,460009,46
12,A_AB_COPD_DY,28,2017,460005,46
24,A_AB_COPD_DY,28,2021,460021,46
35,A_AB_COPD_DY,28,2017,460004,46
18,A_AB_COPD_DY,28,2020,460004,46
12,A_AB_COPD_DY,28,2019,461815,46
12,A_AB_COPD_DY,28,2020,460001,46
18,A_AB_COPD_DY,28,2021,460011,46
12,A_AB_COPD_DY,28,2022,460051,46
14,A_AB_COPD_DY,28,2019,460010,46
18,A_AB_COPD_DY,28,2020,460010,46
24,Emesis,28,2018,460021,46
16,Emesis,28,2021,460009,46
12,Emesis,28,2019,460015,46
12,A_AB_COPD_DY,28,2021,460060,46
18,A_AB_COPD_DY,28,2022,460010,46
24,A_AB_COPD_DY,28,2017,460010,46
40,A_AB_COPD_DY,28,2019,460009,46
24,A_AB_COPD_DY,28,2021,460006,46
12,A_AB_COPD_DY,28,2020,460013,46
24,A_AB_COPD_DY,28,2019,460021,46
12,A_AB_COPD_DY,28,2017,460021,46
24,A_AB_COPD_DY,28,2019,460047,46
12,A_AB_COPD_DY,28,2019,460026,46
36,A_AB_COPD_DY,28,2020,460009,46
12,Emesis,28,2020,460021,46
12,A_AB_COPD_DY,28,2017,461307,46
12,A_AB_COPD_DY,28,2019,460014,46
24,Emesis,28,2022,460009,46
16,A_AB_COPD_DY,28,2018,460004,46
24,Emesis,28,2020,460009,46
34,A_AB_COPD_DY,28,2018,460021,46
12,A_AB_COPD_DY,28,2018,460047,46
18,A_AB_COPD_DY,28,2021,460010,46
12,A_AB_COPD_DY,28,2021,460007,46
11,Emesis,28,2017,460001,46
23,A_AB_COPD_DY,28,2018,460009,46
12,A_AB_COPD_DY,28,2020,460015,46
13,Emesis,28,2017,460010,46
17,A_AB_COPD_DY,28,2021,460009,46
12,A_AB_COPD_DY,29,2017,460023,46
30,A_AB_COPD_DY,29,2020,460009,46
48,A_AB_COPD_DY,29,2017,460009,46
11,A_AB_COPD_DY,29,2017,461304,46
18,A_AB_COPD_DY,29,2019,460004,46
18,A_AB_COPD_DY,29,2018,460004,46
12,A_AB_COPD_DY,29,2018,460006,46
12,A_AB_COPD_DY,29,2022,460015,46
12,Emesis,29,2019,460009,46
12,Emesis,29,2018,460058,46
49,A_AB_COPD_DY,29,2019,460009,46
24,A_AB_COPD_DY,29,2020,460010,46
18,A_AB_COPD_DY,29,2021,460010,46
17,Emesis,29,2021,460023,46
12,Emesis,29,2019,460057,46
12,Emesis,29,2021,460009,46
18,A_AB_COPD_DY,29,2021,460047,46
30,A_AB_COPD_DY,29,2020,460021,46
12,A_AB_COPD_DY,29,2019,461302,46
12,A_AB_COPD_DY,29,2019,460010,46
18,A_AB_COPD_DY,29,2020,460047,46
40,A_AB_COPD_DY,29,2021,460021,46
12,A_AB_COPD_DY,29,2017,460047,46
12,A_AB_COPD_DY,29,2017,460011,46
17,A_AB_COPD_DY,29,2018,460011,46
12,A_AB_COPD_DY,29,2022,460007,46
12,A_AB_COPD_DY,29,2019,460015,46
16,A_AB_COPD_DY,29,2019,460007,46
22,A_AB_COPD_DY,29,2019,460047,46
24,A_AB_COPD_DY,29,2017,460010,46
12,A_AB_COPD_DY,29,2022,461309,46
18,Emesis,29,2020,460009,46
22,A_AB_COPD_DY,29,2018,460021,46
12,A_AB_COPD_DY,29,2022,460047,46
18,A_AB_COPD_DY,29,2018,460047,46
42,A_AB_COPD_DY,29,2018,460009,46
12,A_AB_COPD_DY,29,2019,460021,46
12,Emesis,29,2020,460061,46
11,A_AB_COPD_DY,29,2017,460021,46
12,A_AB_COPD_DY,29,2022,460004,46
11,A_AB_COPD_DY,29,2017,460057,46
18,A_AB_COPD_DY,29,2018,460010,46
66,A_AB_COPD_DY,29,2022,460009,46
12,Emesis,29,2020,460010,46
12,A_AB_COPD_DY,29,2017,460006,46
12,Emesis,29,2018,460001,46
11,Emesis,29,2019,461302,46
24,A_AB_COPD_DY,29,2022,460021,46
12,Emesis,29,2017,460021,46
12,Emesis,29,2019,460010,46
12,A_AB_COPD_DY,29,2021,461301,46
18,A_AB_COPD_DY,29,2022,460010,46
24,A_AB_COPD_DY,29,2021,460009,46
12,A_AB_COPD_DY,30,2020,460060,46
13,A_AB_COPD_DY,30,2022,461302,46
12,A_AB_COPD_DY,30,2018,460047,46
48,A_AB_COPD_DY,30,2020,460021,46
15,Emesis,30,2017,460009,46
12,A_AB_COPD_DY,30,2017,464503,46
41,A_AB_COPD_DY,30,2017,460009,46
22,A_AB_COPD_DY,30,2021,460047,46
35,A_AB_COPD_DY,30,2022,460010,46
12,A_AB_COPD_DY,30,2021,460042,46
12,A_AB_COPD_DY,30,2020,461303,46
28,A_AB_COPD_DY,30,2021,460004,46
71,A_AB_COPD_DY,30,2021,460009,46
12,A_AB_COPD_DY,30,2020,460004,46
17,A_AB_COPD_DY,30,2021,460021,46
18,A_AB_COPD_DY,30,2022,460004,46
11,A_AB_COPD_DY,30,2022,460058,46
18,A_AB_COPD_DY,30,2020,460007,46
24,A_AB_COPD_DY,30,2018,460021,46
18,A_AB_COPD_DY,30,2020,460010,46
12,A_AB_COPD_DY,30,2022,460051,46
24,A_AB_COPD_DY,30,2020,460058,46
12,A_AB_COPD_DY,30,2018,460015,46
12,Emesis,30,2021,460009,46
20,A_AB_COPD_DY,30,2019,460047,46
18,A_AB_COPD_DY,30,2018,460009,46
52,A_AB_COPD_DY,30,2019,460009,46
15,A_AB_COPD_DY,30,2019,460004,46
24,A_AB_COPD_DY,30,2022,460047,46
12,A_AB_COPD_DY,30,2019,460041,46
30,A_AB_COPD_DY,30,2021,460015,46
35,A_AB_COPD_DY,30,2017,460010,46
42,A_AB_COPD_DY,30,2022,460009,46
29,A_AB_COPD_DY,30,2022,460021,46
12,Emesis,30,2017,460004,46
24,A_AB_COPD_DY,30,2020,460009,46
30,A_AB_COPD_DY,30,2020,460047,46
12,A_AB_COPD_DY,30,2021,460005,46
11,Emesis,30,2022,460009,46
22,A_AB_COPD_DY,30,2019,460010,46
18,A_AB_COPD_DY,30,2017,460004,46
12,A_AB_COPD_DY,30,2018,460058,46
12,A_AB_COPD_DY,30,2021,460060,46
14,A_AB_COPD_DY,30,2017,460021,46
11,A_AB_COPD_DY,30,2022,460019,46
30,A_AB_COPD_DY,30,2019,460021,46
12,A_AB_COPD_DY,30,2018,460010,46
12,Emesis,30,2019,460044,46
16,A_AB_COPD_DY,30,2018,460007,46
18,A_AB_COPD_DY,30,2017,460047,46
12,A_AB_COPD_DY,30,2019,460015,46
12,A_AB_COPD_DY,31,2017,460005,46
12,Emesis,31,2020,460021,46
18,A_AB_COPD_DY,31,2018,460004,46
30,A_AB_COPD_DY,31,2017,460009,46
12,Emesis,31,2017,460047,46
18,A_AB_COPD_DY,31,2020,460021,46
18,A_AB_COPD_DY,31,2020,460007,46
12,Emesis,31,2019,460010,46
25,A_AB_COPD_DY,31,2020,460004,46
12,A_AB_COPD_DY,31,2018,460021,46
20,A_AB_COPD_DY,31,2019,460010,46
18,A_AB_COPD_DY,31,2017,460010,46
30,A_AB_COPD_DY,31,2020,460010,46
24,A_AB_COPD_DY,31,2017,460047,46
28,A_AB_COPD_DY,31,2021,460021,46
12,Emesis,31,2019,462551,46
18,A_AB_COPD_DY,31,2021,460047,46
24,A_AB_COPD_DY,31,2020,460047,46
12,Emesis,31,2018,460058,46
37,A_AB_COPD_DY,31,2021,460009,46
24,A_AB_COPD_DY,31,2020,460015,46
24,Emesis,31,2017,460009,46
12,A_AB_COPD_DY,31,2022,460010,46
12,A_AB_COPD_DY,31,2021,460011,46
42,A_AB_COPD_DY,31,2020,460009,46
24,A_AB_COPD_DY,31,2021,460010,46
12,A_AB_COPD_DY,31,2020,460042,46
30,A_AB_COPD_DY,31,2022,460009,46
21,Emesis,31,2019,460009,46
12,Emesis,31,2021,460009,46
11,A_AB_COPD_DY,31,2021,461308,46
73,A_AB_COPD_DY,31,2019,460009,46
18,A_AB_COPD_DY,31,2021,460004,46
12,A_AB_COPD_DY,31,2021,460042,46
11,A_AB_COPD_DY,31,2022,460007,46
56,A_AB_COPD_DY,31,2018,460009,46
12,A_AB_COPD_DY,31,2018,460026,46
12,A_AB_COPD_DY,31,2018,461303,46
12,A_AB_COPD_DY,31,2019,460021,46
18,A_AB_COPD_DY,31,2020,460051,46
29,A_AB_COPD_DY,31,2022,460021,46
11,A_AB_COPD_DY,31,2021,460007,46
18,Emesis,31,2018,460009,46
12,A_AB_COPD_DY,31,2022,460015,46
17,A_AB_COPD_DY,32,2017,460021,46
18,A_AB_COPD_DY,32,2020,460021,46
17,A_AB_COPD_DY,32,2022,460001,46
12,Emesis,32,2022,460004,46
12,A_AB_COPD_DY,32,2020,460047,46
12,Emesis,32,2018,460010,46
12,A_AB_COPD_DY,32,2017,460015,46
36,A_AB_COPD_DY,32,2018,460021,46
12,A_AB_COPD_DY,32,2017,460026,46
48,A_AB_COPD_DY,32,2021,460021,46
42,A_AB_COPD_DY,32,2022,460009,46
12,A_AB_COPD_DY,32,2020,461833,46
12,A_AB_COPD_DY,32,2017,460004,46
18,Emesis,32,2021,460009,46
12,A_AB_COPD_DY,32,2019,460004,46
17,A_AB_COPD_DY,32,2020,460015,46
19,A_AB_COPD_DY,32,2019,460001,46
24,A_AB_COPD_DY,32,2019,460021,46
16,A_AB_COPD_DY,32,2021,460015,46
18,A_AB_COPD_DY,32,2018,460010,46
24,A_AB_COPD_DY,32,2018,460047,46
12,A_AB_COPD_DY,32,2022,460047,46
29,A_AB_COPD_DY,32,2021,460009,46
46,A_AB_COPD_DY,32,2018,460009,46
42,A_AB_COPD_DY,32,2017,460009,46
18,A_AB_COPD_DY,32,2020,460001,46
12,A_AB_COPD_DY,32,2021,460044,46
62,A_AB_COPD_DY,32,2019,460009,46
12,A_AB_COPD_DY,32,2021,460005,46
48,A_AB_COPD_DY,32,2020,460009,46
13,A_AB_COPD_DY,32,2020,460005,46
12,A_AB_COPD_DY,32,2017,460060,46
17,Emesis,32,2022,460009,46
14,A_AB_COPD_DY,32,2017,460010,46
11,A_AB_COPD_DY,32,2022,460010,46
18,Emesis,32,2019,460009,46
24,A_AB_COPD_DY,32,2018,460004,46
12,A_AB_COPD_DY,32,2020,460007,46
24,A_AB_COPD_DY,32,2019,460047,46
24,A_AB_COPD_DY,32,2022,460021,46
12,A_AB_COPD_DY,32,2022,460007,46
12,A_AB_COPD_DY,32,2019,460007,46
12,Emesis,32,2019,460047,46
43,A_AB_COPD_DY,33,2018,460009,46
15,A_AB_COPD_DY,33,2019,460010,46
18,A_AB_COPD_DY,33,2022,460010,46
18,A_AB_COPD_DY,33,2020,460015,46
12,Emesis,33,2021,460021,46
12,A_AB_COPD_DY,33,2018,460058,46
18,A_AB_COPD_DY,33,2021,460009,46
11,A_AB_COPD_DY,33,2017,460010,46
12,A_AB_COPD_DY,33,2020,460047,46
12,A_AB_COPD_DY,33,2020,460014,46
30,A_AB_COPD_DY,33,2020,460021,46
33,A_AB_COPD_DY,33,2017,460021,46
12,A_AB_COPD_DY,33,2018,460060,46
12,Emesis,33,2019,460010,46
12,A_AB_COPD_DY,33,2020,460001,46
22,A_AB_COPD_DY,33,2019,460009,46
12,A_AB_COPD_DY,33,2020,460004,46
34,A_AB_COPD_DY,33,2017,460009,46
29,A_AB_COPD_DY,33,2021,460021,46
66,A_AB_COPD_DY,33,2020,460009,46
12,Emesis,33,2022,460021,46
18,A_AB_COPD_DY,33,2021,460047,46
17,A_AB_COPD_DY,33,2017,460007,46
16,A_AB_COPD_DY,33,2018,460047,46
18,Emesis,33,2022,460009,46
12,A_AB_COPD_DY,33,2017,460001,46
29,A_AB_COPD_DY,33,2022,460009,46
12,A_AB_COPD_DY,33,2021,461815,46
19,A_AB_COPD_DY,33,2018,460021,46
16,A_AB_COPD_DY,33,2018,460011,46
11,A_AB_COPD_DY,33,2022,460001,46
12,A_AB_COPD_DY,33,2021,460007,46
18,A_AB_COPD_DY,33,2020,460023,46
18,A_AB_COPD_DY,33,2019,460041,46
18,Emesis,33,2020,460009,46
18,Emesis,33,2021,460009,46
12,A_AB_COPD_DY,33,2021,460004,46
12,A_AB_COPD_DY,33,2019,460015,46
18,Emesis,33,2017,460010,46
12,A_AB_COPD_DY,33,2019,460007,46
12,A_AB_COPD_DY,33,2017,460004,46
18,A_AB_COPD_DY,33,2022,460021,46
18,A_AB_COPD_DY,33,2021,460019,46
73,A_AB_COPD_DY,34,2021,460009,46
24,A_AB_COPD_DY,34,2019,460009,46
19,A_AB_COPD_DY,34,2018,460010,46
11,A_AB_COPD_DY,34,2017,460007,46
35,A_AB_COPD_DY,34,2017,460004,46
33,A_AB_COPD_DY,34,2018,460004,46
22,A_AB_COPD_DY,34,2021,460007,46
18,A_AB_COPD_DY,34,2020,460007,46
12,Emesis,34,2022,460041,46
48,A_AB_COPD_DY,34,2018,460021,46
18,A_AB_COPD_DY,34,2017,460009,46
24,Emesis,34,2018,460010,46
18,A_AB_COPD_DY,34,2022,460047,46
24,A_AB_COPD_DY,34,2020,460015,46
12,A_AB_COPD_DY,34,2021,460021,46
18,A_AB_COPD_DY,34,2019,460004,46
12,A_AB_COPD_DY,34,2020,460010,46
12,Emesis,34,2018,460047,46
12,A_AB_COPD_DY,34,2020,460058,46
23,A_AB_COPD_DY,34,2019,460010,46
46,A_AB_COPD_DY,34,2021,460004,46
16,A_AB_COPD_DY,34,2019,460007,46
16,Emesis,34,2017,460009,46
12,A_AB_COPD_DY,34,2017,460015,46
12,A_AB_COPD_DY,34,2021,460047,46
30,A_AB_COPD_DY,34,2018,460009,46
11,Emesis,34,2017,460054,46
18,A_AB_COPD_DY,34,2017,460047,46
35,A_AB_COPD_DY,34,2021,460010,46
36,A_AB_COPD_DY,34,2020,460021,46
35,A_AB_COPD_DY,34,2022,460010,46
20,A_AB_COPD_DY,34,2017,460021,46
18,A_AB_COPD_DY,34,2021,460015,46
18,A_AB_COPD_DY,34,2022,460004,46
36,A_AB_COPD_DY,34,2019,460021,46
12,A_AB_COPD_DY,34,2021,460011,46
41,A_AB_COPD_DY,34,2022,460009,46
12,Emesis,34,2021,460019,46
24,A_AB_COPD_DY,34,2022,460021,46
30,A_AB_COPD_DY,34,2020,460009,46
18,A_AB_COPD_DY,35,2020,460004,46
12,A_AB_COPD_DY,35,2021,460001,46
24,A_AB_COPD_DY,35,2020,460021,46
23,A_AB_COPD_DY,35,2018,460021,46
24,A_AB_COPD_DY,35,2019,460021,46
11,A_AB_COPD_DY,35,2019,460001,46
25,A_AB_COPD_DY,35,2021,460015,46
18,Emesis,35,2017,460009,46
30,A_AB_COPD_DY,35,2021,460009,46
12,Emesis,35,2022,460009,46
18,A_AB_COPD_DY,35,2018,460011,46
12,Emesis,35,2021,462540,46
18,A_AB_COPD_DY,35,2018,460001,46
21,A_AB_COPD_DY,35,2017,460010,46
14,A_AB_COPD_DY,35,2018,460047,46
15,A_AB_COPD_DY,35,2017,460006,46
36,A_AB_COPD_DY,35,2019,460010,46
12,A_AB_COPD_DY,35,2022,460021,46
18,A_AB_COPD_DY,35,2020,460010,46
12,A_AB_COPD_DY,35,2022,460006,46
12,A_AB_COPD_DY,35,2020,461300,46
18,A_AB_COPD_DY,35,2019,460015,46
12,Emesis,35,2021,460001,46
12,A_AB_COPD_DY,35,2021,460007,46
60,A_AB_COPD_DY,35,2022,460009,46
21,A_AB_COPD_DY,35,2019,460047,46
12,A_AB_COPD_DY,35,2019,460004,46
11,A_AB_COPD_DY,35,2021,461310,46
68,A_AB_COPD_DY,35,2017,460009,46
18,A_AB_COPD_DY,35,2020,460047,46
12,A_AB_COPD_DY,35,2022,460026,46
12,Emesis,35,2018,460021,46
12,Emesis,35,2020,460009,46
16,A_AB_COPD_DY,35,2017,460021,46
12,A_AB_COPD_DY,35,2021,460057,46
24,Emesis,35,2021,460009,46
34,A_AB_COPD_DY,35,2017,460047,46
36,A_AB_COPD_DY,35,2021,460010,46
11,A_AB_COPD_DY,35,2017,460005,46
18,A_AB_COPD_DY,35,2021,460021,46
12,A_AB_COPD_DY,35,2021,460004,46
40,A_AB_COPD_DY,35,2018,460009,46
24,A_AB_COPD_DY,35,2018,460004,46
12,A_AB_COPD_DY,35,2018,460006,46
66,A_AB_COPD_DY,35,2020,460009,46
12,A_AB_COPD_DY,35,2017,460004,46
17,A_AB_COPD_DY,35,2021,460047,46
64,A_AB_COPD_DY,35,2019,460009,46
12,A_AB_COPD_DY,35,2022,460010,46
18,A_AB_COPD_DY,35,2021,460019,46
12,A_AB_COPD_DY,35,2020,460015,46
24,A_AB_COPD_DY,36,2020,460047,46
54,A_AB_COPD_DY,36,2020,460009,46
12,Emesis,36,2019,460004,46
12,A_AB_COPD_DY,36,2019,460061,46
28,Emesis,36,2017,460009,46
24,A_AB_COPD_DY,36,2018,460009,46
18,A_AB_COPD_DY,36,2017,460004,46
24,A_AB_COPD_DY,36,2021,460021,46
12,A_AB_COPD_DY,36,2022,460007,46
12,Emesis,36,2018,460047,46
21,A_AB_COPD_DY,36,2020,460010,46
11,A_AB_COPD_DY,36,2021,461833,46
12,Emesis,36,2021,460009,46
35,A_AB_COPD_DY,36,2017,460009,46
12,A_AB_COPD_DY,36,2020,460021,46
12,Emesis,36,2018,460010,46
18,A_AB_COPD_DY,36,2018,460006,46
17,A_AB_COPD_DY,36,2019,460021,46
12,Coccidioidomycosis,36,2020,460021,46
12,A_AB_COPD_DY,36,2022,460004,46
12,A_AB_COPD_DY,36,2020,460004,46
30,A_AB_COPD_DY,36,2018,460010,46
18,A_AB_COPD_DY,36,2022,460009,46
17,A_AB_COPD_DY,36,2017,460021,46
24,Emesis,36,2020,460009,46
12,A_AB_COPD_DY,36,2022,461819,46
21,A_AB_COPD_DY,36,2017,460014,46
17,A_AB_COPD_DY,36,2022,460021,46
12,A_AB_COPD_DY,36,2020,460014,46
12,A_AB_COPD_DY,36,2022,460005,46
34,A_AB_COPD_DY,36,2021,460047,46
19,Emesis,36,2017,460021,46
24,A_AB_COPD_DY,36,2020,460015,46
12,A_AB_COPD_DY,36,2017,460010,46
30,A_AB_COPD_DY,36,2019,460009,46
18,A_AB_COPD_DY,36,2017,461307,46
18,A_AB_COPD_DY,36,2021,460041,46
12,A_AB_COPD_DY,36,2020,460058,46
30,A_AB_COPD_DY,36,2022,460010,46
18,Emesis,36,2022,460009,46
16,A_AB_COPD_DY,36,2018,460007,46
18,A_AB_COPD_DY,36,2019,460010,46
23,A_AB_COPD_DY,36,2021,460009,46
12,A_AB_COPD_DY,36,2020,460007,46
12,A_AB_COPD_DY,36,2022,460047,46
24,A_AB_COPD_DY,37,2018,460004,46
12,A_AB_COPD_DY,37,2019,460004,46
12,A_AB_COPD_DY,37,2020,460010,46
84,A_AB_COPD_DY,37,2021,460009,46
12,Emesis,37,2019,460009,46
12,A_AB_COPD_DY,37,2021,460047,46
12,A_AB_COPD_DY,37,2018,460001,46
29,A_AB_COPD_DY,37,2017,460021,46
12,A_AB_COPD_DY,37,2019,460041,46
15,Emesis,37,2018,461304,46
12,A_AB_COPD_DY,37,2018,460010,46
12,A_AB_COPD_DY,37,2018,460057,46
64,A_AB_COPD_DY,37,2018,460009,46
12,Emesis,37,2017,460021,46
12,A_AB_COPD_DY,37,2017,460015,46
12,A_AB_COPD_DY,37,2022,461303,46
12,Emesis,37,2022,460015,46
18,A_AB_COPD_DY,37,2022,460010,46
12,A_AB_COPD_DY,37,2022,460057,46
12,A_AB_COPD_DY,37,2019,460047,46
12,Emesis,37,2021,460009,46
19,A_AB_COPD_DY,37,2020,460021,46
30,A_AB_COPD_DY,37,2022,460009,46
18,A_AB_COPD_DY,37,2022,460021,46
12,Emesis,37,2017,460001,46
12,A_AB_COPD_DY,37,2020,460007,46
12,A_AB_COPD_DY,37,2020,460001,46
16,A_AB_COPD_DY,37,2021,460010,46
12,A_AB_COPD_DY,37,2022,460047,46
12,A_AB_COPD_DY,37,2021,460001,46
63,A_AB_COPD_DY,37,2017,460009,46
42,A_AB_COPD_DY,37,2020,460009,46
12,A_AB_COPD_DY,37,2020,460003,46
12,Emesis,37,2017,460009,46
14,A_AB_COPD_DY,37,2018,460047,46
18,Emesis,37,2020,460009,46
12,A_AB_COPD_DY,37,2021,460052,46
12,A_AB_COPD_DY,37,2021,461308,46
36,A_AB_COPD_DY,37,2019,460021,46
55,A_AB_COPD_DY,37,2019,460009,46
12,Emesis,37,2018,460021,46
12,A_AB_COPD_DY,37,2020,461309,46
11,A_AB_COPD_DY,37,2017,460010,46
12,A_AB_COPD_DY,38,2020,460004,46
12,A_AB_COPD_DY,38,2018,460001,46
22,A_AB_COPD_DY,38,2021,460007,46
20,A_AB_COPD_DY,38,2019,460007,46
30,A_AB_COPD_DY,38,2019,460021,46
12,A_AB_COPD_DY,38,2019,460004,46
16,A_AB_COPD_DY,38,2017,460021,46
18,A_AB_COPD_DY,38,2018,460047,46
12,A_AB_COPD_DY,38,2022,460007,46
15,A_AB_COPD_DY,38,2017,461306,46
29,Emesis,38,2018,460009,46
12,A_AB_COPD_DY,38,2022,460004,46
12,A_AB_COPD_DY,38,2019,460051,46
18,A_AB_COPD_DY,38,2019,460047,46
16,Emesis,38,2019,460009,46
12,A_AB_COPD_DY,38,2021,460015,46
30,A_AB_COPD_DY,38,2022,460021,46
17,A_AB_COPD_DY,38,2019,460041,46
88,A_AB_COPD_DY,38,2021,460009,46
66,A_AB_COPD_DY,38,2022,460009,46
12,A_AB_COPD_DY,38,2022,460015,46
48,A_AB_COPD_DY,38,2020,460009,46
12,A_AB_COPD_DY,38,2017,460026,46
12,A_AB_COPD_DY,38,2022,460047,46
18,A_AB_COPD_DY,38,2019,460011,46
18,A_AB_COPD_DY,38,2019,460010,46
30,A_AB_COPD_DY,38,2018,460021,46
12,Emesis,38,2017,460009,46
11,A_AB_COPD_DY,38,2022,460019,46
30,A_AB_COPD_DY,38,2021,460021,46
74,A_AB_COPD_DY,38,2019,460009,46
15,A_AB_COPD_DY,38,2017,460006,46
72,A_AB_COPD_DY,38,2018,460009,46
18,A_AB_COPD_DY,38,2021,460010,46
18,A_AB_COPD_DY,38,2018,460010,46
18,A_AB_COPD_DY,38,2018,460005,46
12,A_AB_COPD_DY,38,2017,460047,46
18,A_AB_COPD_DY,38,2018,460004,46
12,Emesis,38,2021,460026,46
18,A_AB_COPD_DY,38,2022,460010,46
12,A_AB_COPD_DY,38,2019,460015,46
15,A_AB_COPD_DY,38,2017,460030,46
18,A_AB_COPD_DY,38,2019,460005,46
15,A_AB_COPD_DY,38,2017,460010,46
28,A_AB_COPD_DY,38,2020,460007,46
12,A_AB_COPD_DY,38,2018,460011,46
30,A_AB_COPD_DY,38,2020,460010,46
12,Emesis,38,2021,460009,46
30,A_AB_COPD_DY,38,2017,460009,46
18,Emesis,38,2020,460009,46
24,A_AB_COPD_DY,38,2021,460004,46
18,A_AB_COPD_DY,38,2017,460051,46
72,A_AB_COPD_DY,39,2021,460009,46
24,A_AB_COPD_DY,39,2020,460010,46
23,A_AB_COPD_DY,39,2019,460010,46
18,Emesis,39,2020,460009,46
12,A_AB_COPD_DY,39,2018,460001,46
18,A_AB_COPD_DY,39,2022,460047,46
47,A_AB_COPD_DY,39,2021,460021,46
24,A_AB_COPD_DY,39,2017,460047,46
12,A_AB_COPD_DY,39,2021,460006,46
36,A_AB_COPD_DY,39,2018,460021,46
18,A_AB_COPD_DY,39,2017,460009,46
70,A_AB_COPD_DY,39,2019,460009,46
12,A_AB_COPD_DY,39,2020,460003,46
12,A_AB_COPD_DY,39,2019,460011,46
12,Emesis,39,2019,460011,46
46,A_AB_COPD_DY,39,2018,460009,46
12,A_AB_COPD_DY,39,2020,460039,46
36,A_AB_COPD_DY,39,2019,460021,46
19,A_AB_COPD_DY,39,2021,460047,46
18,A_AB_COPD_DY,39,2021,460007,46
84,A_AB_COPD_DY,39,2020,460009,46
30,Emesis,39,2018,460009,46
42,A_AB_COPD_DY,39,2022,460009,46
20,A_AB_COPD_DY,39,2018,460004,46
24,A_AB_COPD_DY,39,2017,460010,46
12,A_AB_COPD_DY,39,2020,460047,46
18,Emesis,39,2021,460009,46
12,Emesis,39,2021,460021,46
16,A_AB_COPD_DY,39,2018,460010,46
12,A_AB_COPD_DY,39,2019,460051,46
18,A_AB_COPD_DY,39,2017,460021,46
18,A_AB_COPD_DY,39,2020,460004,46
20,A_AB_COPD_DY,39,2019,460001,46
12,A_AB_COPD_DY,39,2021,460010,46
18,A_AB_COPD_DY,39,2020,460021,46
18,A_AB_COPD_DY,39,2019,460041,46
21,A_AB_COPD_DY,39,2017,460004,46
23,A_AB_COPD_DY,39,2018,460047,46
12,A_AB_COPD_DY,39,2022,460001,46
11,A_AB_COPD_DY,39,2019,460049,46
26,Emesis,39,2022,460009,46
12,A_AB_COPD_DY,39,2020,460041,46
19,Emesis,40,2022,460021,46
54,A_AB_COPD_DY,40,2022,460009,46
20,A_AB_COPD_DY,40,2017,460021,46
16,Emesis,40,2018,460009,46
54,A_AB_COPD_DY,40,2020,460009,46
12,Emesis,40,2020,460021,46
12,A_AB_COPD_DY,40,2019,460023,46
12,Emesis,40,2022,460010,46
64,A_AB_COPD_DY,40,2019,460009,46
32,A_AB_COPD_DY,40,2018,460047,46
36,A_AB_COPD_DY,40,2021,460010,46
12,A_AB_COPD_DY,40,2019,460041,46
46,A_AB_COPD_DY,40,2021,460021,46
12,A_AB_COPD_DY,40,2017,460023,46
12,Emesis,40,2020,460041,46
12,A_AB_COPD_DY,40,2017,460041,46
18,A_AB_COPD_DY,40,2018,460010,46
12,A_AB_COPD_DY,40,2018,460021,46
47,A_AB_COPD_DY,40,2020,460021,46
12,A_AB_COPD_DY,40,2017,460005,46
18,Emesis,40,2021,460009,46
18,A_AB_COPD_DY,40,2020,460047,46
18,A_AB_COPD_DY,40,2022,460047,46
12,A_AB_COPD_DY,40,2020,460060,46
30,Emesis,40,2022,460009,46
46,A_AB_COPD_DY,40,2018,460009,46
12,A_AB_COPD_DY,40,2019,460013,46
23,A_AB_COPD_DY,40,2019,460021,46
18,A_AB_COPD_DY,40,2019,460010,46
44,A_AB_COPD_DY,40,2017,460009,46
12,Emesis,40,2020,460009,46
24,A_AB_COPD_DY,40,2022,460004,46
24,A_AB_COPD_DY,40,2021,460006,46
12,Emesis,40,2018,460015,46
12,A_AB_COPD_DY,40,2022,460011,46
17,A_AB_COPD_DY,40,2017,460010,46
23,A_AB_COPD_DY,40,2020,460004,46
18,A_AB_COPD_DY,40,2017,460047,46
12,Emesis,40,2020,460047,46
12,A_AB_COPD_DY,40,2022,460019,46
53,A_AB_COPD_DY,40,2021,460009,46
12,A_AB_COPD_DY,40,2018,460058,46
11,A_AB_COPD_DY,40,2022,461301,46
21,A_AB_COPD_DY,40,2018,460006,46
41,A_AB_COPD_DY,41,2017,460009,46
16,A_AB_COPD_DY,41,2019,460001,46
22,Emesis,41,2018,460009,46
12,A_AB_COPD_DY,41,2018,461815,46
34,A_AB_COPD_DY,41,2019,460009,46
11,Emesis,41,2020,460058,46
18,A_AB_COPD_DY,41,2020,460007,46
11,A_AB_COPD_DY,41,2022,461303,46
12,A_AB_COPD_DY,41,2020,460010,46
12,Emesis,41,2018,460006,46
18,A_AB_COPD_DY,41,2021,460015,46
78,A_AB_COPD_DY,41,2020,460009,46
24,Emesis,41,2021,460009,46
18,A_AB_COPD_DY,41,2019,460004,46
12,A_AB_COPD_DY,41,2019,460015,46
12,A_AB_COPD_DY,41,2021,460010,46
12,A_AB_COPD_DY,41,2020,460041,46
12,A_AB_COPD_DY,41,2021,460005,46
12,Emesis,41,2017,460009,46
23,A_AB_COPD_DY,41,2020,460023,46
12,A_AB_COPD_DY,41,2017,460010,46
12,Emesis,41,2020,460015,46
42,A_AB_COPD_DY,41,2021,460021,46
12,Emesis,41,2017,460021,46
11,A_AB_COPD_DY,41,2018,460007,46
46,A_AB_COPD_DY,41,2021,460009,46
36,A_AB_COPD_DY,41,2018,460021,46
42,A_AB_COPD_DY,41,2020,460021,46
18,A_AB_COPD_DY,41,2022,460010,46
12,A_AB_COPD_DY,41,2022,460004,46
12,A_AB_COPD_DY,41,2017,460047,46
17,Emesis,41,2022,461303,46
17,Emesis,41,2019,460009,46
12,A_AB_COPD_DY,41,2018,460041,46
12,Emesis,41,2021,460021,46
12,A_AB_COPD_DY,41,2017,460007,46
18,A_AB_COPD_DY,41,2022,460047,46
24,A_AB_COPD_DY,41,2017,460004,46
12,A_AB_COPD_DY,41,2022,461307,46
13,A_AB_COPD_DY,41,2019,460010,46
24,A_AB_COPD_DY,41,2017,460021,46
15,A_AB_COPD_DY,41,2018,460004,46
12,A_AB_COPD_DY,41,2020,460001,46
11,Emesis,41,2019,460030,46
24,A_AB_COPD_DY,41,2018,460010,46
16,A_AB_COPD_DY,41,2019,460007,46
54,A_AB_COPD_DY,41,2022,460009,46
24,A_AB_COPD_DY,41,2018,460009,46
12,A_AB_COPD_DY,41,2021,460004,46
18,A_AB_COPD_DY,41,2020,460004,46
12,A_AB_COPD_DY,42,2019,460004,46
12,A_AB_COPD_DY,42,2019,460047,46
12,Emesis,42,2022,460009,46
11,A_AB_COPD_DY,42,2018,461310,46
24,A_AB_COPD_DY,42,2021,460011,46
28,A_AB_COPD_DY,42,2018,460021,46
58,A_AB_COPD_DY,42,2019,460009,46
30,A_AB_COPD_DY,42,2020,460047,46
24,A_AB_COPD_DY,42,2022,460010,46
17,A_AB_COPD_DY,42,2017,460047,46
48,A_AB_COPD_DY,42,2022,460009,46
12,A_AB_COPD_DY,42,2021,460047,46
18,A_AB_COPD_DY,42,2022,460007,46
12,A_AB_COPD_DY,42,2017,460010,46
12,A_AB_COPD_DY,42,2018,460001,46
30,A_AB_COPD_DY,42,2021,460010,46
18,A_AB_COPD_DY,42,2022,460004,46
12,A_AB_COPD_DY,42,2018,460007,46
24,A_AB_COPD_DY,42,2020,460010,46
20,A_AB_COPD_DY,42,2017,460004,46
15,A_AB_COPD_DY,42,2020,460011,46
28,A_AB_COPD_DY,42,2017,460009,46
12,A_AB_COPD_DY,42,2018,460015,46
18,A_AB_COPD_DY,42,2020,460007,46
66,A_AB_COPD_DY,42,2018,460009,46
12,A_AB_COPD_DY,42,2021,460021,46
18,A_AB_COPD_DY,42,2017,460021,46
12,A_AB_COPD_DY,42,2017,460015,46
42,A_AB_COPD_DY,42,2021,460009,46
24,A_AB_COPD_DY,42,2021,460015,46
12,Emesis,42,2019,460011,46
24,A_AB_COPD_DY,42,2018,460010,46
24,A_AB_COPD_DY,42,2021,460004,46
36,A_AB_COPD_DY,42,2020,460009,46
18,A_AB_COPD_DY,42,2020,460021,46
12,A_AB_COPD_DY,42,2017,460039,46
32,A_AB_COPD_DY,42,2019,460021,46
11,Emesis,42,2021,460009,46
20,A_AB_COPD_DY,43,2019,460009,46
12,A_AB_COPD_DY,43,2020,460047,46
30,A_AB_COPD_DY,43,2020,460021,46
12,A_AB_COPD_DY,43,2018,460001,46
21,A_AB_COPD_DY,43,2018,460047,46
12,Emesis,43,2019,460009,46
18,A_AB_COPD_DY,43,2022,460015,46
21,A_AB_COPD_DY,43,2017,460010,46
24,A_AB_COPD_DY,43,2021,460010,46
14,A_AB_COPD_DY,43,2019,460047,46
18,A_AB_COPD_DY,43,2020,460015,46
41,A_AB_COPD_DY,43,2017,460009,46
12,A_AB_COPD_DY,43,2020,460007,46
12,Emesis,43,2022,460001,46
12,A_AB_COPD_DY,43,2017,460001,46
12,A_AB_COPD_DY,43,2021,460039,46
11,A_AB_COPD_DY,43,2020,461333,46
12,A_AB_COPD_DY,43,2021,460021,46
12,A_AB_COPD_DY,43,2022,460010,46
18,A_AB_COPD_DY,43,2019,460021,46
21,A_AB_COPD_DY,43,2021,460047,46
12,A_AB_COPD_DY,43,2019,460026,46
12,A_AB_COPD_DY,43,2018,460004,46
48,A_AB_COPD_DY,43,2022,460009,46
18,A_AB_COPD_DY,43,2019,460015,46
24,A_AB_COPD_DY,43,2021,460004,46
15,A_AB_COPD_DY,43,2018,460015,46
30,A_AB_COPD_DY,43,2017,460004,46
24,Emesis,43,2020,460009,46
12,A_AB_COPD_DY,43,2019,460051,46
12,A_AB_COPD_DY,43,2018,463810,46
12,A_AB_COPD_DY,43,2017,460021,46
12,A_AB_COPD_DY,43,2020,460004,46
12,A_AB_COPD_DY,43,2018,460041,46
22,Emesis,43,2020,461333,46
28,A_AB_COPD_DY,43,2018,460009,46
24,Emesis,43,2022,460009,46
12,Emesis,43,2018,460009,46
12,A_AB_COPD_DY,43,2017,461802,46
12,A_AB_COPD_DY,43,2022,460007,46
12,A_AB_COPD_DY,43,2021,460051,46
66,A_AB_COPD_DY,43,2020,460009,46
12,A_AB_COPD_DY,43,2020,460010,46
18,A_AB_COPD_DY,43,2022,460047,46
12,A_AB_COPD_DY,43,2017,460041,46
70,A_AB_COPD_DY,43,2021,460009,46
14,A_AB_COPD_DY,43,2021,461307,46
18,A_AB_COPD_DY,43,2018,460021,46
11,A_AB_COPD_DY,43,2017,460047,46
28,A_AB_COPD_DY,44,2018,460009,46
54,A_AB_COPD_DY,44,2020,460009,46
42,A_AB_COPD_DY,44,2019,460009,46
47,A_AB_COPD_DY,44,2019,460021,46
36,A_AB_COPD_DY,44,2018,460010,46
12,A_AB_COPD_DY,44,2022,460004,46
12,Emesis,44,2022,460009,46
12,A_AB_COPD_DY,44,2022,461819,46
12,A_AB_COPD_DY,44,2017,460015,46
12,A_AB_COPD_DY,44,2020,460010,46
36,A_AB_COPD_DY,44,2020,460021,46
28,A_AB_COPD_DY,44,2021,460004,46
48,A_AB_COPD_DY,44,2021,460009,46
11,A_AB_COPD_DY,44,2022,460011,46
12,Emesis,44,2021,460009,46
18,A_AB_COPD_DY,44,2018,460021,46
29,A_AB_COPD_DY,44,2019,460010,46
18,A_AB_COPD_DY,44,2022,460009,46
13,A_AB_COPD_DY,44,2020,460015,46
12,A_AB_COPD_DY,44,2020,460006,46
12,A_AB_COPD_DY,44,2020,460004,46
24,A_AB_COPD_DY,44,2021,460047,46
12,A_AB_COPD_DY,44,2019,460047,46
36,A_AB_COPD_DY,44,2022,460010,46
18,A_AB_COPD_DY,44,2021,460010,46
26,A_AB_COPD_DY,44,2017,460021,46
18,A_AB_COPD_DY,44,2018,460004,46
27,A_AB_COPD_DY,44,2017,460004,46
34,A_AB_COPD_DY,44,2021,460021,46
45,A_AB_COPD_DY,44,2017,460009,46
12,A_AB_COPD_DY,44,2021,461819,46
12,A_AB_COPD_DY,44,2020,460019,46
12,Emesis,44,2018,460009,46
30,A_AB_COPD_DY,44,2022,460021,46
12,Emesis,44,2019,460041,46
11,Emesis,44,2021,460021,46
12,A_AB_COPD_DY,44,2018,460047,46
12,A_AB_COPD_DY,44,2018,460060,46
24,Emesis,44,2020,460009,46
12,A_AB_COPD_DY,44,2020,460001,46
22,A_AB_COPD_DY,44,2017,460010,46
12,A_AB_COPD_DY,44,2017,460005,46
18,A_AB_COPD_DY,44,2019,460004,46
15,A_AB_COPD_DY,45,2019,460021,46
18,A_AB_COPD_DY,45,2020,460010,46
12,A_AB_COPD_DY,45,2022,460021,46
18,A_AB_COPD_DY,45,2017,460007,46
12,A_AB_COPD_DY,45,2019,460006,46
36,A_AB_COPD_DY,45,2020,460004,46
12,A_AB_COPD_DY,45,2022,463985,46
12,A_AB_COPD_DY,45,2020,460015,46
18,A_AB_COPD_DY,45,2018,460021,46
12,A_AB_COPD_DY,45,2021,461307,46
21,A_AB_COPD_DY,45,2018,460004,46
12,A_AB_COPD_DY,45,2017,460010,46
18,A_AB_COPD_DY,45,2017,460051,46
42,A_AB_COPD_DY,45,2021,460009,46
23,A_AB_COPD_DY,45,2017,460004,46
40,A_AB_COPD_DY,45,2021,460021,46
12,A_AB_COPD_DY,45,2018,460044,46
66,A_AB_COPD_DY,45,2020,460009,46
18,A_AB_COPD_DY,45,2021,460047,46
27,Emesis,45,2017,460009,46
18,A_AB_COPD_DY,45,2019,460004,46
12,A_AB_COPD_DY,45,2017,460015,46
12,A_AB_COPD_DY,45,2017,460021,46
48,A_AB_COPD_DY,45,2019,460009,46
42,A_AB_COPD_DY,45,2022,460009,46
37,A_AB_COPD_DY,45,2017,460009,46
12,A_AB_COPD_DY,45,2017,460047,46
24,A_AB_COPD_DY,45,2022,460047,46
12,A_AB_COPD_DY,45,2021,461302,46
12,A_AB_COPD_DY,45,2017,460005,46
30,Emesis,45,2019,460009,46
24,Emesis,45,2020,460009,46
35,A_AB_COPD_DY,45,2018,460009,46
12,A_AB_COPD_DY,45,2018,460047,46
48,A_AB_COPD_DY,46,2021,460009,46
30,A_AB_COPD_DY,46,2017,460009,46
18,A_AB_COPD_DY,46,2021,460047,46
24,A_AB_COPD_DY,46,2021,460010,46
36,A_AB_COPD_DY,46,2022,460047,46
12,Emesis,46,2019,460009,46
12,Emesis,46,2018,460047,46
12,A_AB_COPD_DY,46,2018,460047,46
54,A_AB_COPD_DY,46,2018,460009,46
18,A_AB_COPD_DY,46,2020,460010,46
43,A_AB_COPD_DY,46,2020,460009,46
12,Emesis,46,2018,460009,46
12,A_AB_COPD_DY,46,2021,460015,46
18,A_AB_COPD_DY,46,2019,460044,46
12,A_AB_COPD_DY,46,2021,460001,46
18,A_AB_COPD_DY,46,2019,460010,46
16,A_AB_COPD_DY,46,2017,460010,46
25,A_AB_COPD_DY,46,2019,460021,46
12,A_AB_COPD_DY,46,2020,460026,46
18,Emesis,46,2021,460021,46
13,A_AB_COPD_DY,46,2018,461302,46
12,A_AB_COPD_DY,46,2020,461307,46
14,A_AB_COPD_DY,46,2022,460010,46
12,A_AB_COPD_DY,46,2017,460001,46
13,A_AB_COPD_DY,46,2019,460015,46
18,A_AB_COPD_DY,46,2020,460047,46
12,A_AB_COPD_DY,46,2021,460041,46
54,A_AB_COPD_DY,46,2022,460009,46
12,A_AB_COPD_DY,46,2020,460030,46
12,A_AB_COPD_DY,46,2021,460057,46
12,Coccidioidomycosis,46,2019,460021,46
18,A_AB_COPD_DY,46,2022,460021,46
12,A_AB_COPD_DY,46,2017,460021,46
12,A_AB_COPD_DY,46,2017,460007,46
12,A_AB_COPD_DY,46,2020,460019,46
30,Emesis,46,2020,460009,46
12,A_AB_COPD_DY,46,2020,460051,46
12,A_AB_COPD_DY,46,2020,460015,46
24,A_AB_COPD_DY,46,2021,460004,46
42,A_AB_COPD_DY,46,2020,460021,46
12,A_AB_COPD_DY,46,2022,460007,46
12,Emesis,46,2021,460009,46
12,Emesis,46,2022,460021,46
22,A_AB_COPD_DY,46,2021,460007,46
40,A_AB_COPD_DY,46,2018,460021,46
63,A_AB_COPD_DY,46,2019,460009,46
12,Emesis,46,2022,460009,46
24,A_AB_COPD_DY,46,2020,460004,46
12,Emesis,46,2017,460009,46
12,A_AB_COPD_DY,46,2018,460015,46
18,A_AB_COPD_DY,46,2022,460004,46
12,A_AB_COPD_DY,47,2019,460060,46
12,A_AB_COPD_DY,47,2021,460015,46
12,A_AB_COPD_DY,47,2019,460015,46
12,A_AB_COPD_DY,47,2018,460047,46
19,A_AB_COPD_DY,47,2020,460004,46
17,A_AB_COPD_DY,47,2017,460047,46
12,A_AB_COPD_DY,47,2022,460019,46
12,Emesis,47,2021,460009,46
18,A_AB_COPD_DY,47,2018,460004,46
13,A_AB_COPD_DY,47,2017,460007,46
42,A_AB_COPD_DY,47,2021,460009,46
12,Emesis,47,2017,460023,46
21,A_AB_COPD_DY,47,2019,460047,46
18,A_AB_COPD_DY,47,2022,460021,46
18,A_AB_COPD_DY,47,2021,460010,46
12,A_AB_COPD_DY,47,2022,460004,46
24,A_AB_COPD_DY,47,2020,460015,46
15,A_AB_COPD_DY,47,2017,460021,46
14,A_AB_COPD_DY,47,2018,460017,46
12,A_AB_COPD_DY,47,2021,460026,46
24,A_AB_COPD_DY,47,2021,460004,46
18,A_AB_COPD_DY,47,2019,460026,46
36,A_AB_COPD_DY,47,2020,460009,46
12,Emesis,47,2018,460009,46
18,A_AB_COPD_DY,47,2021,460007,46
24,A_AB_COPD_DY,47,2020,460006,46
22,A_AB_COPD_DY,47,2018,460009,46
12,A_AB_COPD_DY,47,2021,460057,46
18,A_AB_COPD_DY,47,2019,460001,46
29,A_AB_COPD_DY,47,2018,460021,46
12,Emesis,47,2022,460021,46
11,A_AB_COPD_DY,47,2018,460001,46
23,A_AB_COPD_DY,47,2017,460004,46
17,A_AB_COPD_DY,47,2017,460009,46
12,A_AB_COPD_DY,47,2020,460051,46
48,A_AB_COPD_DY,47,2022,460009,46
30,A_AB_COPD_DY,47,2020,460021,46
91,A_AB_COPD_DY,47,2019,460009,46
12,A_AB_COPD_DY,47,2022,460051,46
12,A_AB_COPD_DY,47,2017,460010,46
12,A_AB_COPD_DY,47,2022,460007,46
24,Emesis,47,2020,460009,46
18,Emesis,47,2022,460009,46
12,A_AB_COPD_DY,47,2022,460030,46
24,A_AB_COPD_DY,47,2019,460021,46
16,Emesis,47,2017,460009,46
24,Emesis,47,2019,460009,46
31,Emesis,48,2021,460009,46
29,A_AB_COPD_DY,48,2019,460047,46
11,A_AB_COPD_DY,48,2022,460049,46
12,A_AB_COPD_DY,48,2021,460004,46
12,A_AB_COPD_DY,48,2020,460004,46
12,A_AB_COPD_DY,48,2021,460047,46
16,A_AB_COPD_DY,48,2018,460004,46
24,A_AB_COPD_DY,48,2021,460009,46
14,Emesis,48,2017,460001,46
12,A_AB_COPD_DY,48,2022,460004,46
71,A_AB_COPD_DY,48,2022,460009,46
28,A_AB_COPD_DY,48,2018,460009,46
12,A_AB_COPD_DY,48,2017,461307,46
42,A_AB_COPD_DY,48,2021,460021,46
42,A_AB_COPD_DY,48,2020,460009,46
12,A_AB_COPD_DY,48,2017,460021,46
28,A_AB_COPD_DY,48,2019,460010,46
24,A_AB_COPD_DY,48,2022,460047,46
36,A_AB_COPD_DY,48,2018,460021,46
12,A_AB_COPD_DY,48,2018,463813,46
12,A_AB_COPD_DY,48,2021,460007,46
45,A_AB_COPD_DY,48,2019,460021,46
12,A_AB_COPD_DY,48,2022,460041,46
12,Emesis,48,2017,460021,46
16,A_AB_COPD_DY,48,2018,460005,46
18,A_AB_COPD_DY,48,2019,460004,46
18,A_AB_COPD_DY,48,2021,461307,46
18,A_AB_COPD_DY,48,2022,460021,46
24,Emesis,48,2017,460009,46
30,A_AB_COPD_DY,48,2017,460009,46
12,A_AB_COPD_DY,48,2019,460001,46
12,A_AB_COPD_DY,48,2021,460041,46
18,A_AB_COPD_DY,48,2020,460023,46
17,A_AB_COPD_DY,48,2017,460010,46
36,A_AB_COPD_DY,48,2019,460009,46
17,A_AB_COPD_DY,48,2017,460047,46
12,Emesis,48,2019,460004,46
12,Emesis,48,2019,460021,46
17,A_AB_COPD_DY,48,2017,460005,46
12,A_AB_COPD_DY,48,2017,460058,46
12,Coccidioidomycosis,49,2018,460021,46
24,A_AB_COPD_DY,49,2021,460010,46
18,A_AB_COPD_DY,49,2021,460041,46
40,A_AB_COPD_DY,49,2021,460009,46
36,A_AB_COPD_DY,49,2019,460021,46
18,Emesis,49,2017,460009,46
12,Emesis,49,2018,460042,46
11,A_AB_COPD_DY,49,2022,460052,46
12,A_AB_COPD_DY,49,2020,460004,46
12,Emesis,49,2018,460021,46
18,Emesis,49,2020,460009,46
29,A_AB_COPD_DY,49,2022,460047,46
23,A_AB_COPD_DY,49,2022,460021,46
12,Emesis,49,2022,460021,46
24,A_AB_COPD_DY,49,2018,460021,46
12,A_AB_COPD_DY,49,2020,460023,46
12,A_AB_COPD_DY,49,2022,460004,46
12,A_AB_COPD_DY,49,2017,460051,46
12,A_AB_COPD_DY,49,2020,460007,46
25,A_AB_COPD_DY,49,2017,460009,46
30,A_AB_COPD_DY,49,2020,460001,46
18,A_AB_COPD_DY,49,2021,460047,46
12,A_AB_COPD_DY,49,2017,460011,46
12,A_AB_COPD_DY,49,2021,460058,46
12,A_AB_COPD_DY,49,2019,460007,46
12,A_AB_COPD_DY,49,2020,460011,46
16,A_AB_COPD_DY,49,2021,460021,46
62,A_AB_COPD_DY,49,2019,460009,46
12,Emesis,49,2018,460030,46
13,A_AB_COPD_DY,49,2017,463985,46
12,A_AB_COPD_DY,49,2022,460019,46
12,A_AB_COPD_DY,49,2018,460044,46
16,A_AB_COPD_DY,49,2018,460042,46
12,A_AB_COPD_DY,49,2020,460047,46
24,A_AB_COPD_DY,49,2017,460015,46
66,A_AB_COPD_DY,49,2022,460009,46
12,A_AB_COPD_DY,49,2022,460010,46
14,A_AB_COPD_DY,49,2019,460047,46
76,A_AB_COPD_DY,49,2018,460009,46
54,A_AB_COPD_DY,49,2020,460009,46
12,Emesis,49,2020,460021,46
12,A_AB_COPD_DY,49,2018,460052,46
12,A_AB_COPD_DY,49,2020,460005,46
12,A_AB_COPD_DY,49,2019,460006,46
18,Emesis,49,2021,460009,46
18,A_AB_COPD_DY,49,2017,460021,46
24,A_AB_COPD_DY,49,2020,460021,46
12,A_AB_COPD_DY,49,2021,460023,46
12,A_AB_COPD_DY,49,2018,460019,46
16,A_AB_COPD_DY,50,2018,460004,46
12,A_AB_COPD_DY,50,2022,460007,46
11,Coccidioidomycosis,50,2018,460021,46
15,A_AB_COPD_DY,50,2019,460051,46
12,Emesis,50,2019,460030,46
18,A_AB_COPD_DY,50,2021,460004,46
35,A_AB_COPD_DY,50,2021,460009,46
49,A_AB_COPD_DY,50,2020,460021,46
36,A_AB_COPD_DY,50,2018,460009,46
15,A_AB_COPD_DY,50,2018,460047,46
18,A_AB_COPD_DY,50,2020,460001,46
40,A_AB_COPD_DY,50,2017,460009,46
14,A_AB_COPD_DY,50,2019,460010,46
13,A_AB_COPD_DY,50,2017,460021,46
12,A_AB_COPD_DY,50,2017,461302,46
12,A_AB_COPD_DY,50,2019,460057,46
31,A_AB_COPD_DY,50,2022,460009,46
23,A_AB_COPD_DY,50,2021,460001,46
12,A_AB_COPD_DY,50,2022,460041,46
12,A_AB_COPD_DY,50,2019,460021,46
18,A_AB_COPD_DY,50,2021,460010,46
12,Emesis,50,2021,460009,46
18,A_AB_COPD_DY,50,2021,460041,46
64,A_AB_COPD_DY,50,2019,460009,46
15,A_AB_COPD_DY,50,2017,460026,46
24,A_AB_COPD_DY,50,2020,460009,46
16,A_AB_COPD_DY,50,2021,460007,46
12,A_AB_COPD_DY,50,2021,460023,46
12,Emesis,50,2017,461307,46
12,Emesis,50,2022,460006,46
12,A_AB_COPD_DY,50,2020,460010,46
18,A_AB_COPD_DY,50,2018,460010,46
12,A_AB_COPD_DY,50,2022,460047,46
48,A_AB_COPD_DY,50,2018,460021,46
12,A_AB_COPD_DY,50,2020,460004,46
12,A_AB_COPD_DY,50,2022,460019,46
18,A_AB_COPD_DY,50,2018,460051,46
16,Emesis,50,2018,460021,46
12,A_AB_COPD_DY,50,2022,460044,46
54,A_AB_COPD_DY,50,2021,460021,46
12,A_AB_COPD_DY,50,2021,460058,46
27,A_AB_COPD_DY,50,2019,460047,46
11,A_AB_COPD_DY,50,2022,461819,46
11,A_AB_COPD_DY,50,2022,461302,46
12,Emesis,50,2017,460009,46
14,A_AB_COPD_DY,50,2017,460006,46
24,A_AB_COPD_DY,50,2021,460047,46
12,Emesis,50,2018,461333,46
11,A_AB_COPD_DY,50,2018,461303,46
12,Emesis,50,2019,460009,46
12,A_AB_COPD_DY,50,2020,460005,46
12,A_AB_COPD_DY,50,2020,460047,46
12,Emesis,50,2022,460009,46
23,A_AB_COPD_DY,50,2019,460001,46
12,A_AB_COPD_DY,50,2021,460019,46
18,Emesis,51,2017,460021,46
24,A_AB_COPD_DY,51,2020,460015,46
18,A_AB_COPD_DY,51,2022,460004,46
12,A_AB_COPD_DY,51,2019,460011,46
12,A_AB_COPD_DY,51,2017,460013,46
66,A_AB_COPD_DY,51,2017,460009,46
12,Emesis,51,2018,460021,46
50,A_AB_COPD_DY,51,2018,460009,46
12,A_AB_COPD_DY,51,2017,461302,46
41,A_AB_COPD_DY,51,2020,460004,46
17,A_AB_COPD_DY,51,2021,460009,46
30,A_AB_COPD_DY,51,2020,460021,46
18,A_AB_COPD_DY,51,2022,460021,46
18,A_AB_COPD_DY,51,2022,460009,46
12,A_AB_COPD_DY,51,2017,460001,46
18,A_AB_COPD_DY,51,2018,460047,46
12,A_AB_COPD_DY,51,2020,460010,46
22,A_AB_COPD_DY,51,2018,460010,46
18,A_AB_COPD_DY,51,2021,460010,46
18,A_AB_COPD_DY,51,2019,460004,46
18,A_AB_COPD_DY,51,2020,460047,46
36,A_AB_COPD_DY,51,2021,460021,46
12,A_AB_COPD_DY,51,2019,460021,46
18,A_AB_COPD_DY,51,2020,460057,46
35,A_AB_COPD_DY,51,2018,460021,46
12,Emesis,51,2020,460009,46
12,A_AB_COPD_DY,51,2022,460060,46
12,A_AB_COPD_DY,51,2019,460010,46
18,Emesis,51,2021,460009,46
12,A_AB_COPD_DY,51,2022,461835,46
12,A_AB_COPD_DY,51,2021,460004,46
72,A_AB_COPD_DY,51,2020,460009,46
27,A_AB_COPD_DY,51,2017,460010,46
22,A_AB_COPD_DY,51,2019,460047,46
27,A_AB_COPD_DY,51,2017,460004,46
11,A_AB_COPD_DY,51,2021,460001,46
22,A_AB_COPD_DY,51,2019,460007,46
17,A_AB_COPD_DY,51,2017,460047,46
34,A_AB_COPD_DY,51,2019,460009,46
19,A_AB_COPD_DY,51,2018,460007,46
12,A_AB_COPD_DY,51,2019,461817,46
42,A_AB_COPD_DY,51,2017,460021,46
16,A_AB_COPD_DY,52,2021,460007,46
22,A_AB_COPD_DY,52,2017,460009,46
12,A_AB_COPD_DY,52,2021,460041,46
21,A_AB_COPD_DY,52,2019,460010,46
12,A_AB_COPD_DY,52,2018,461303,46
18,A_AB_COPD_DY,52,2019,460021,46
40,A_AB_COPD_DY,52,2020,460021,46
12,A_AB_COPD_DY,52,2022,460030,46
12,A_AB_COPD_DY,52,2020,460004,46
23,Emesis,52,2021,460009,46
13,A_AB_COPD_DY,52,2018,460047,46
18,A_AB_COPD_DY,52,2019,460007,46
12,Emesis,52,2021,462525,46
12,A_AB_COPD_DY,52,2022,460058,46
12,A_AB_COPD_DY,52,2022,460015,46
35,A_AB_COPD_DY,52,2021,460009,46
16,A_AB_COPD_DY,52,2019,460004,46
42,A_AB_COPD_DY,52,2019,460009,46
24,A_AB_COPD_DY,52,2020,460009,46
30,A_AB_COPD_DY,52,2022,460021,46
18,A_AB_COPD_DY,52,2018,460009,46
12,A_AB_COPD_DY,52,2018,463813,46
24,A_AB_COPD_DY,52,2022,460010,46
12,A_AB_COPD_DY,52,2017,460023,46
18,A_AB_COPD_DY,52,2021,460001,46
12,Emesis,52,2020,460009,46
11,Emesis,52,2018,460001,46
18,A_AB_COPD_DY,52,2022,460009,46
12,A_AB_COPD_DY,52,2020,460010,46
12,Emesis,52,2022,460007,46
18,A_AB_COPD_DY,52,2022,460001,46
12,A_AB_COPD_DY,52,2018,460010,46
18,A_AB_COPD_DY,52,2022,460004,46
12,A_AB_COPD_DY,52,2022,463810,46
12,A_AB_COPD_DY,52,2020,460011,46
33,A_AB_COPD_DY,52,2017,460021,46
15,Emesis,52,2017,462525,46
12,Emesis,53,2020,460004,46
12,A_AB_COPD_DY,53,2020,460019,46
12,A_AB_COPD_DY,53,2020,460021,46
11,A_AB_COPD_DY,53,2020,46T003,46
18,A_AB_COPD_DY,53,2020,460004,46
36,A_AB_COPD_DY,53,2020,460009,46
