,datetime_pulled,sensor_index,latitude,longitude,pm10.0,scattering_coefficient,deciviews,visual_range,humidity,temperature,pressure,altitude,voc
0,2024-03-05 08:28:40.202408,77,40.750816,-111.82529,26.6,187.3,31.6,16.6,,,,,
1,2024-03-05 08:28:40.202408,443,41.224422,-111.968376,12.6,98.3,25.5,30.5,33.0,44.0,865.92,,
2,2024-03-05 08:28:40.202408,525,40.78387,-111.87014,0.0,1.2,1.3,345.6,28.0,73.0,,4891.0,
3,2024-03-05 08:28:40.202408,984,40.595387,-111.807755,0.7,14.2,8.0,212.3,42.0,38.0,851.78,,
4,2024-03-05 08:28:40.202408,992,40.72763,-111.824425,18.4,73.3,22.8,40.0,41.0,42.0,858.07,,
5,2024-03-05 08:28:40.202408,3238,40.664246,-111.84923,1.3,16.9,10.7,139.0,66.0,36.0,866.98,4331.0,
6,2024-03-05 08:28:40.202408,3388,40.73344,-111.82151,0.6,2.9,3.0,290.0,36.0,43.0,854.56,4715.0,
7,2024-03-05 08:28:40.202408,4553,40.835648,-111.887764,0.0,0.9,1.0,354.4,33.0,41.0,841.05,5116.0,
8,2024-03-05 08:28:40.202408,5174,41.172134,-111.92389,0.1,2.0,2.2,313.6,33.0,40.0,838.15,5188.0,
9,2024-03-05 08:28:40.202408,5372,40.74412,-111.86478,0.1,1.7,1.9,323.5,37.0,42.0,867.68,4327.0,
10,2024-03-05 08:28:40.202408,5408,40.9873,-111.9286,1.7,5.6,5.1,234.5,36.0,43.0,870.17,4237.0,
11,2024-03-05 08:28:40.202408,5454,41.191982,-111.94198,0.0,1.4,1.6,333.9,31.0,43.0,851.75,4739.0,
12,2024-03-05 08:28:40.202408,5460,40.72751,-111.861435,1.3,8.1,6.3,216.5,32.0,44.0,867.11,4351.0,
13,2024-03-05 08:28:40.202408,5486,40.55721,-111.820854,0.0,0.8,0.9,356.3,45.0,35.0,848.57,4879.0,
14,2024-03-05 08:28:40.202408,5700,41.321125,-112.03294,0.6,6.4,5.4,233.7,48.0,40.0,869.83,4247.0,
15,2024-03-05 08:28:40.202408,5742,40.734,-111.846,0.7,3.3,3.3,279.7,36.0,42.0,862.04,4517.0,
16,2024-03-05 08:28:40.202408,5808,40.646835,-112.02559,0.0,,,,50.0,37.0,850.65,4823.0,
17,2024-03-05 08:28:40.202408,6018,41.124454,-111.924706,0.2,1.7,1.8,324.5,29.0,73.0,695.39,4582.0,
18,2024-03-05 08:28:40.202408,6050,40.646465,-111.95876,3.4,7.5,6.4,205.5,53.0,40.0,862.95,4465.0,
19,2024-03-05 08:28:40.202408,6054,40.67708,-112.03324,6.0,15.7,10.5,138.9,44.0,39.0,861.02,4540.0,
20,2024-03-05 08:28:40.202408,6080,41.09514,-112.047745,14.1,63.2,21.5,45.5,49.0,38.0,866.26,4331.0,
21,2024-03-05 08:28:40.202408,6274,40.639458,-111.84767,0.5,4.9,4.6,247.9,40.0,41.0,864.9,4404.0,
22,2024-03-05 08:28:40.202408,6276,40.691936,-111.99147,3.4,7.0,6.1,213.4,44.0,40.0,869.71,4296.0,
23,2024-03-05 08:28:40.202408,6288,40.701218,-111.96849,3.7,11.4,8.6,164.8,,,,4258.0,
24,2024-03-05 08:28:40.202408,6298,41.093666,-111.92332,0.2,1.7,1.9,324.2,27.0,54.0,,4782.0,
25,2024-03-05 08:28:40.202408,6314,40.68405,-111.990685,4.0,8.5,7.0,192.8,48.0,40.0,865.14,4340.0,
26,2024-03-05 08:28:40.202408,6322,40.68183,-112.04764,5.1,8.4,7.0,194.2,58.0,38.0,860.89,4498.0,
27,2024-03-05 08:28:40.202408,6332,41.053085,-111.9725,0.9,4.0,3.9,263.3,48.0,40.0,866.69,4310.0,
28,2024-03-05 08:28:40.202408,6346,40.67029,-112.00136,0.0,,,,53.0,38.0,861.69,4473.0,
29,2024-03-05 08:28:40.202408,6348,41.101795,-111.93963,2.8,6.3,5.6,222.2,71.0,69.0,735.01,4801.0,
30,2024-03-05 08:28:40.202408,6352,40.656517,-111.8456,0.9,3.5,3.5,274.4,46.0,40.0,865.59,4357.0,
31,2024-03-05 08:28:40.202408,6356,40.77445,-111.88332,2.2,5.2,4.9,239.4,91.0,38.0,860.27,4520.0,
32,2024-03-05 08:28:40.202408,6360,40.766937,-111.86745,1.3,4.8,4.5,247.9,40.0,44.0,705.1,4405.0,
33,2024-03-05 08:28:40.202408,6434,40.696266,-111.87738,4.8,8.5,7.1,192.6,43.0,40.0,868.2,4270.0,
34,2024-03-05 08:28:40.202408,6602,40.6854,-111.83166,0.1,2.0,2.2,314.3,36.0,43.0,860.58,4536.0,
35,2024-03-05 08:28:40.202408,6604,41.1824,-111.93324,0.6,3.1,3.1,285.0,38.0,36.0,840.71,5115.0,
36,2024-03-05 08:28:40.202408,6622,40.74361,-111.87632,0.4,3.0,3.1,286.7,36.0,41.0,870.66,4256.0,
37,2024-03-05 08:28:40.202408,7152,41.193577,-112.10366,0.5,3.7,3.7,270.2,39.0,41.0,867.89,4241.0,
38,2024-03-05 08:28:40.202408,7206,40.68566,-111.82788,0.2,1.8,2.0,319.5,41.0,41.0,859.41,4563.0,
39,2024-03-05 08:28:40.202408,7466,41.24572,-111.93738,0.0,1.0,1.1,349.7,42.0,39.0,859.53,4565.0,
40,2024-03-05 08:28:40.202408,7578,41.195732,-111.936554,0.0,1.1,1.2,346.2,36.0,39.0,850.28,4792.0,
41,2024-03-05 08:28:40.202408,7858,41.19531,-111.94745,0.2,1.6,1.8,326.0,37.0,38.0,859.58,4592.0,
42,2024-03-05 08:28:40.202408,7860,41.192738,-111.94309,0.1,1.5,1.6,331.5,33.0,39.0,854.65,4686.0,
43,2024-03-05 08:28:40.202408,8968,41.320457,-111.83722,0.0,,,,18.0,51.0,843.65,5075.0,
44,2024-03-05 08:28:40.202408,9066,41.30161,-111.862366,0.0,1.0,1.1,349.7,42.0,28.0,829.53,5575.0,
45,2024-03-05 08:28:40.202408,9566,40.633564,-111.80854,0.0,0.8,1.0,354.3,38.0,50.0,858.69,4622.0,
46,2024-03-05 08:28:40.202408,10794,40.693317,-111.93009,7.7,14.6,10.1,141.9,41.0,42.0,871.14,4253.0,
47,2024-03-05 08:28:40.202408,13075,40.629227,-112.04045,0.0,,,,51.0,37.0,844.98,4987.0,
48,2024-03-05 08:28:40.202408,13227,40.703102,-112.02363,3.5,6.9,6.0,213.1,45.0,39.0,870.45,4259.0,
49,2024-03-05 08:28:40.202408,13235,40.67518,-111.97574,4.3,7.5,6.4,205.7,52.0,40.0,864.6,4368.0,
50,2024-03-05 08:28:40.202408,13237,41.074944,-111.95793,0.6,3.1,3.2,283.6,29.0,58.0,862.1,4442.0,
51,2024-03-05 08:28:40.202408,13239,41.068417,-112.005936,4.8,8.2,6.8,200.1,42.0,38.0,867.24,4332.0,
52,2024-03-05 08:28:40.202408,13253,41.088875,-111.96451,2.1,4.2,4.1,260.1,42.0,38.0,861.01,4548.0,
53,2024-03-05 08:28:40.202408,13273,40.70729,-112.03398,5.6,8.8,7.2,189.7,68.0,40.0,869.67,4256.0,
54,2024-03-05 08:28:40.202408,13279,40.68914,-111.957115,6.3,9.7,7.6,182.3,,,,4264.0,
55,2024-03-05 08:28:40.202408,13283,41.07944,-111.90936,0.0,1.3,1.4,339.0,49.0,35.0,849.31,4843.0,
56,2024-03-05 08:28:40.202408,13307,40.63026,-111.893715,4.2,7.2,6.2,209.5,43.0,40.0,867.28,4355.0,
57,2024-03-05 08:28:40.202408,13311,40.606117,-111.90424,3.4,6.4,5.7,220.7,,,,4365.0,
58,2024-03-05 08:28:40.202408,13313,40.703976,-111.92974,4.1,7.5,6.4,205.5,46.0,39.0,870.69,4242.0,
59,2024-03-05 08:28:40.202408,15817,41.094536,-111.96916,3.7,7.7,6.5,203.3,71.0,35.0,858.45,4601.0,
60,2024-03-05 08:28:40.202408,15825,41.11333,-112.0264,2.5,5.7,5.2,231.7,42.0,38.0,861.0,4486.0,
61,2024-03-05 08:28:40.202408,15827,41.0294,-111.932014,2.8,6.5,5.8,219.1,60.0,38.0,865.39,4384.0,
62,2024-03-05 08:28:40.202408,15829,41.100193,-112.005104,0.8,3.0,3.1,285.8,34.0,43.0,867.09,4509.0,
63,2024-03-05 08:28:40.202408,15835,40.901443,-111.882866,0.0,1.2,1.4,340.4,50.0,41.0,867.48,4313.0,
64,2024-03-05 08:28:40.202408,15945,40.6657,-111.821106,0.6,2.3,2.4,306.6,46.0,40.0,863.38,4468.0,
65,2024-03-05 08:28:40.202408,16119,41.08101,-111.94043,0.4,2.8,2.9,293.2,43.0,37.0,857.59,4601.0,
66,2024-03-05 08:28:40.202408,17949,40.65524,-111.88562,2.6,5.9,5.2,234.5,50.0,38.0,868.12,4300.0,
67,2024-03-05 08:28:40.202408,18021,40.637936,-111.89346,3.4,7.5,6.4,205.0,60.0,38.0,866.32,4342.0,
68,2024-03-05 08:28:40.202408,18029,40.919155,-111.87821,0.1,2.5,2.6,302.6,47.0,37.0,867.44,4297.0,
69,2024-03-05 08:28:40.202408,18031,40.674072,-111.87904,0.0,,,,47.0,40.0,869.14,4293.0,
70,2024-03-05 08:28:40.202408,18069,40.674377,-112.00499,5.9,9.1,7.4,187.7,56.0,36.0,862.63,4464.0,
71,2024-03-05 08:28:40.202408,18115,40.61586,-111.85935,1.8,5.9,5.3,229.4,93.0,41.0,614.65,4518.0,
72,2024-03-05 08:28:40.202408,18169,40.672577,-111.90616,0.2,0.8,0.9,354.9,65.0,50.0,869.93,4251.0,
73,2024-03-05 08:28:40.202408,18191,40.65376,-111.87263,0.0,0.1,0.1,387.2,10.0,84.0,866.45,4324.0,
74,2024-03-05 08:28:40.202408,18237,40.67275,-111.88601,1.6,4.0,3.9,263.5,45.0,39.0,868.83,4280.0,
75,2024-03-05 08:28:40.202408,18249,40.696323,-111.97943,4.8,8.7,7.1,193.9,56.0,37.0,869.99,4268.0,
76,2024-03-05 08:28:40.202408,18251,40.618492,-111.90231,5.3,7.5,6.4,204.9,45.0,40.0,865.35,4366.0,
77,2024-03-05 08:28:40.202408,18259,40.638115,-111.92207,8.5,10.6,8.2,171.6,54.0,39.0,868.58,4275.0,
78,2024-03-05 08:28:40.202408,18319,40.686424,-112.01881,5.9,11.4,8.6,164.6,83.0,43.0,670.48,4393.0,
79,2024-03-05 08:28:40.202408,18321,40.62173,-111.87413,4.5,6.7,5.9,215.6,62.0,40.0,864.8,4429.0,
80,2024-03-05 08:28:40.202408,18341,40.975555,-111.89284,1.0,5.1,4.8,242.2,41.0,41.0,868.85,4271.0,
81,2024-03-05 08:28:40.202408,18375,40.656242,-111.91033,0.0,,,,53.0,37.0,868.41,4298.0,
82,2024-03-05 08:28:40.202408,18469,40.735943,-111.80772,0.8,3.0,3.0,288.0,49.0,35.0,839.08,5172.0,
83,2024-03-05 08:28:40.202408,20897,40.782787,-111.94669,2.0,4.7,4.5,249.0,,,,4224.0,
84,2024-03-05 08:28:40.202408,20957,40.64714,-111.91174,5.6,10.1,7.9,176.6,40.0,43.0,866.11,4322.0,
85,2024-03-05 08:28:40.202408,22647,40.57964,-111.80601,0.0,2.0,2.1,314.7,41.0,39.0,841.64,5149.0,
86,2024-03-05 08:28:40.202408,22955,40.741535,-111.818665,0.2,2.1,2.2,311.7,33.0,38.0,848.63,4870.0,
87,2024-03-05 08:28:40.202408,23587,40.709763,-111.8179,0.8,5.9,5.3,228.9,45.0,39.0,854.79,4691.0,
88,2024-03-05 08:28:40.202408,24441,41.02446,-111.932144,1.1,4.8,4.5,250.1,37.0,41.0,865.92,4376.0,
89,2024-03-05 08:28:40.202408,25309,40.9656,-111.89954,1.6,3.7,3.6,273.0,45.0,35.0,869.67,4239.0,
90,2024-03-05 08:28:40.202408,28675,40.77386,-111.858665,2.6,6.7,5.9,216.0,47.0,38.0,857.9,4613.0,
91,2024-03-05 08:28:40.202408,30855,40.682564,-111.97852,4.8,23.1,11.9,136.5,52.0,37.0,868.0,4336.0,
92,2024-03-05 08:28:40.202408,30887,40.942867,-111.89044,0.3,2.6,2.7,298.9,43.0,38.0,871.28,4225.0,
93,2024-03-05 08:28:40.202408,30917,40.908325,-111.8787,224.6,744.0,45.0,4.3,55.0,72.0,681.26,4294.0,
94,2024-03-05 08:28:40.202408,30943,40.63357,-111.88259,3.9,8.2,6.8,197.7,46.0,38.0,866.88,4375.0,
95,2024-03-05 08:28:40.202408,30953,40.939285,-111.8828,3.0,7.9,6.3,213.5,51.0,35.0,869.43,4279.0,
96,2024-03-05 08:28:40.202408,30955,40.61303,-111.895325,3.7,8.9,7.0,199.1,49.0,36.0,866.5,4390.0,
97,2024-03-05 08:28:40.202408,30967,41.0665,-111.912445,2.3,13.4,9.4,156.6,44.0,35.0,853.67,4774.0,
98,2024-03-05 08:28:40.202408,30991,40.67845,-111.89399,1.2,4.7,4.5,249.5,63.0,35.0,871.43,4275.0,
99,2024-03-05 08:28:40.202408,31013,40.697025,-111.8967,1.2,8.4,6.4,218.8,45.0,36.0,870.34,4255.0,
100,2024-03-05 08:28:40.202408,32671,41.140507,-112.08092,0.0,,,,55.0,33.0,868.31,4294.0,
101,2024-03-05 08:28:40.202408,33071,40.861103,-111.884254,0.0,1.3,1.4,339.2,44.0,33.0,860.35,4551.0,
102,2024-03-05 08:28:40.202408,33077,41.137455,-112.029526,7.7,12.8,9.3,154.3,62.0,34.0,860.53,4523.0,
103,2024-03-05 08:28:40.202408,33097,41.106304,-112.06237,7.6,11.8,8.8,161.7,56.0,34.0,866.54,4324.0,
104,2024-03-05 08:28:40.202408,33163,41.06404,-112.02499,5.5,8.2,6.8,197.3,54.0,34.0,868.02,4291.0,
105,2024-03-05 08:28:40.202408,33191,41.09527,-111.9252,0.1,1.2,1.3,341.7,58.0,29.0,853.17,4785.0,
106,2024-03-05 08:28:40.202408,34863,40.609367,-111.886955,4.5,9.4,7.6,183.1,,,,4407.0,
107,2024-03-05 08:28:40.202408,34961,41.084663,-111.99764,0.0,,,,,,,4449.0,
108,2024-03-05 08:28:40.202408,35003,41.06097,-112.03561,8.2,13.5,9.5,152.8,74.0,38.0,,4262.0,
109,2024-03-05 08:28:40.202408,36145,40.899494,-111.851906,2.1,13.0,8.2,194.9,39.0,34.0,842.63,5078.0,
110,2024-03-05 08:28:40.202408,36161,40.703495,-111.951004,7.5,16.4,10.9,131.2,48.0,37.0,870.12,4246.0,
111,2024-03-05 08:28:40.202408,36345,41.315216,-111.94549,0.2,1.8,1.9,322.2,38.0,34.0,854.51,4725.0,
112,2024-03-05 08:28:40.202408,37465,40.611156,-111.91203,3.6,5.5,5.1,235.5,53.0,35.0,866.2,4347.0,
113,2024-03-05 08:28:40.202408,37467,41.07105,-111.987564,6.2,11.6,8.7,164.3,46.0,36.0,865.47,4370.0,
114,2024-03-05 08:28:40.202408,37481,41.074577,-111.93478,1.9,4.2,4.1,260.0,83.0,35.0,858.77,4600.0,
115,2024-03-05 08:28:40.202408,37499,41.057144,-111.949234,1.7,5.2,4.8,241.1,100.0,33.0,865.24,4370.0,
116,2024-03-05 08:28:40.202408,37727,40.72031,-111.8203,2.7,7.2,6.2,210.7,37.0,41.0,856.39,4659.0,
117,2024-03-05 08:28:40.202408,40713,40.84942,-111.87097,0.3,1.4,1.5,336.5,44.0,34.0,839.59,5178.0,
118,2024-03-05 08:28:40.202408,41419,40.9478,-111.88453,1.1,5.5,5.1,235.1,38.0,40.0,869.85,4276.0,
119,2024-03-05 08:28:40.202408,42097,40.739105,-111.80637,3.1,8.0,6.8,198.5,35.0,51.0,851.17,5178.0,
120,2024-03-05 08:28:40.202408,42529,40.751663,-111.86353,1.2,14.2,9.9,144.5,58.0,41.0,867.24,4333.0,99.8
121,2024-03-05 08:28:40.202408,43021,40.792244,-111.88275,9.0,37.4,16.2,83.3,45.0,38.0,848.4,4953.0,
122,2024-03-05 08:28:40.202408,43883,40.620068,-111.840866,1.3,16.6,9.4,177.2,52.0,36.0,860.91,4537.0,
123,2024-03-05 08:28:40.202408,44103,40.89667,-111.85694,0.3,2.8,2.9,293.2,51.0,34.0,853.41,4757.0,
124,2024-03-05 08:28:40.202408,44157,40.574078,-111.9588,14.1,82.8,22.1,51.5,52.0,36.0,861.8,4533.0,
125,2024-03-05 08:28:40.202408,44237,40.785297,-111.863075,3.4,7.8,6.5,203.5,45.0,34.0,843.88,5041.0,
126,2024-03-05 08:28:40.202408,45627,41.14309,-111.93928,0.4,2.7,2.8,293.8,42.0,36.0,861.92,4491.0,
127,2024-03-05 08:28:40.202408,46295,40.723938,-111.83979,1.8,6.4,5.7,221.2,60.0,33.0,862.5,4492.0,
128,2024-03-05 08:28:40.202408,46773,40.67895,-112.03383,3.8,12.5,9.2,155.7,52.0,34.0,860.6,4518.0,
129,2024-03-05 08:28:40.202408,46777,40.68262,-111.994484,4.6,10.2,8.0,175.3,51.0,36.0,866.52,4354.0,
130,2024-03-05 08:28:40.202408,46799,41.087585,-111.97808,2.3,6.4,5.7,221.3,43.0,36.0,860.99,4497.0,
131,2024-03-05 08:28:40.202408,46873,40.689594,-111.9117,0.0,,,,50.0,36.0,870.39,4258.0,
132,2024-03-05 08:28:40.202408,46875,41.097664,-111.97415,5.1,9.0,7.3,187.2,,,,4627.0,
133,2024-03-05 08:28:40.202408,46881,40.675575,-112.01961,8.1,17.5,10.5,147.5,,,,4489.0,
134,2024-03-05 08:28:40.202408,47171,40.689796,-112.08269,0.0,0.7,0.8,359.0,,,,4473.0,
135,2024-03-05 08:28:40.202408,49061,40.74831,-111.84021,1.3,9.1,7.2,193.2,41.0,37.0,856.81,4652.0,
136,2024-03-05 08:28:40.202408,49155,40.735126,-111.882286,0.2,2.2,2.4,308.3,39.0,40.0,870.43,4265.0,
137,2024-03-05 08:28:40.202408,53407,40.74132,-111.86364,1.7,9.5,6.8,214.3,,,,4327.0,
138,2024-03-05 08:28:40.202408,62211,40.773514,-111.862175,2.7,5.8,5.3,230.4,45.0,35.0,860.31,4556.0,
139,2024-03-05 08:28:40.202408,73051,40.84746,-111.90103,7.2,15.7,10.6,135.8,27.0,55.0,863.24,4426.0,
140,2024-03-05 08:28:40.202408,81037,40.76407,-111.86394,0.0,,,,43.0,38.0,864.2,4416.0,
141,2024-03-05 08:28:40.202408,82649,41.10572,-112.009476,5.5,13.4,9.6,149.8,47.0,36.0,861.72,4531.0,
142,2024-03-05 08:28:40.202408,83505,40.691006,-112.05327,4.6,8.9,7.2,190.9,48.0,35.0,865.29,4390.0,
143,2024-03-05 08:28:40.202408,83563,41.15395,-111.93702,0.2,2.7,2.8,294.2,42.0,34.0,851.79,4806.0,
144,2024-03-05 08:28:40.202408,83565,41.100025,-112.00781,4.5,8.6,7.0,194.5,47.0,36.0,861.15,4496.0,
145,2024-03-05 08:28:40.202408,83919,40.689068,-112.03574,6.8,15.6,10.4,138.8,51.0,36.0,864.5,4403.0,
146,2024-03-05 08:28:40.202408,84019,40.68181,-112.01307,4.2,8.9,7.2,189.0,52.0,37.0,864.02,4425.0,
147,2024-03-05 08:28:40.202408,84893,40.710594,-111.82649,2.0,5.6,5.1,233.8,46.0,34.0,859.71,4585.0,
148,2024-03-05 08:28:40.202408,85361,40.97547,-111.93283,0.0,1.0,1.1,349.9,27.0,62.0,793.29,4219.0,
149,2024-03-05 08:28:40.202408,85765,41.118206,-112.042175,9.3,16.3,10.8,132.6,50.0,36.0,863.01,4440.0,
150,2024-03-05 08:28:40.202408,86147,40.70862,-111.97746,5.7,12.9,9.4,153.1,54.0,36.0,690.06,4252.0,
151,2024-03-05 08:28:40.202408,86227,41.014286,-111.93118,3.4,7.1,6.2,210.7,51.0,34.0,867.66,4338.0,
152,2024-03-05 08:28:40.202408,89717,40.581345,-111.8477,3.5,7.5,6.4,205.7,49.0,33.0,853.49,4773.0,
153,2024-03-05 08:28:40.202408,90285,40.78727,-111.93189,8.5,15.5,10.3,141.1,47.0,36.0,870.99,4222.0,
154,2024-03-05 08:28:40.202408,91661,40.779472,-111.865944,2.8,8.5,7.0,196.0,41.0,38.0,854.36,4721.0,
155,2024-03-05 08:28:40.202408,91975,40.710438,-111.84749,1.9,7.0,6.0,216.2,45.0,35.0,863.21,4455.0,
156,2024-03-05 08:28:40.202408,94765,40.717,-111.8062,1.7,6.2,5.5,227.1,43.0,33.0,845.86,5008.0,
157,2024-03-05 08:28:40.202408,97391,40.7667,-111.90304,1.9,23.1,11.9,136.0,19.0,64.0,878.35,4254.0,
158,2024-03-05 08:28:40.202408,100865,40.692505,-111.81041,0.3,3.4,3.4,278.0,38.0,34.0,853.02,4777.0,
159,2024-03-05 08:28:40.202408,101025,40.634884,-111.835976,0.9,8.0,6.4,211.9,41.0,41.0,862.86,4449.0,
160,2024-03-05 08:28:40.202408,102166,40.70351,-111.84731,0.5,3.2,3.3,280.9,44.0,37.0,863.27,4447.0,
161,2024-03-05 08:28:40.202408,104574,40.777283,-111.83989,3.1,6.5,5.8,219.2,38.0,38.0,843.04,5094.0,
162,2024-03-05 08:28:40.202408,105030,40.79087,-111.86294,2.5,6.9,6.0,214.5,,,,5313.0,
163,2024-03-05 08:28:40.202408,106632,40.57614,-111.98359,16.9,26.1,13.0,120.0,69.0,69.0,731.88,4649.0,
164,2024-03-05 08:28:40.202408,108126,41.19397,-111.9427,0.2,1.6,1.8,326.5,41.0,35.0,855.96,4676.0,
165,2024-03-05 08:28:40.202408,108132,41.178967,-111.94593,1.6,4.8,4.5,248.6,45.0,33.0,851.45,4797.0,
166,2024-03-05 08:28:40.202408,108192,41.218002,-111.959694,1.6,4.3,4.2,257.5,41.0,35.0,865.97,4396.0,
167,2024-03-05 08:28:40.202408,108206,41.09873,-111.98162,5.6,10.0,7.9,178.0,49.0,33.0,858.55,4607.0,
168,2024-03-05 08:28:40.202408,109530,40.73202,-111.81282,1.2,4.0,3.9,264.7,42.0,40.0,847.34,4987.0,
169,2024-03-05 08:28:40.202408,110710,40.896187,-111.85138,0.8,4.6,4.4,252.1,40.0,39.0,845.89,5016.0,
170,2024-03-05 08:28:40.202408,111526,41.04566,-111.926216,0.0,0.0,0.0,388.6,41.0,39.0,861.3,4514.0,
171,2024-03-05 08:28:40.202408,112862,40.860847,-111.847466,0.0,,,,33.0,35.0,824.32,5624.0,
172,2024-03-05 08:28:40.202408,112884,40.744972,-111.848,0.0,0.2,0.3,379.7,37.0,39.0,859.22,4573.0,
173,2024-03-05 08:28:40.202408,113612,40.71572,-111.87558,0.0,0.0,0.1,387.9,42.0,40.0,870.66,4281.0,
174,2024-03-05 08:28:40.202408,114467,41.06316,-111.90332,0.0,,,,37.0,40.0,842.95,5104.0,
175,2024-03-05 08:28:40.202408,114549,40.849373,-111.879906,0.0,0.0,0.0,389.3,37.0,36.0,849.72,4922.0,
176,2024-03-05 08:28:40.202408,115273,41.063267,-111.95844,1.4,4.4,4.2,255.6,45.0,37.0,866.78,4385.0,
177,2024-03-05 08:28:40.202408,120419,40.75687,-111.8557,2749.3,0.8,0.9,354.9,37.0,40.0,861.32,4547.0,
178,2024-03-05 08:28:40.202408,120493,40.877953,-111.869354,0.0,,,,47.0,35.0,860.54,4568.0,
179,2024-03-05 08:28:40.202408,120861,40.74004,-111.8453,0.0,0.2,0.3,379.8,37.0,38.0,859.53,4588.0,
180,2024-03-05 08:28:40.202408,122011,40.6398,-111.82251,0.0,,,,49.0,38.0,862.68,4499.0,
181,2024-03-05 08:28:40.202408,122091,40.665512,-111.81143,0.0,,,,46.0,39.0,860.03,4574.0,
182,2024-03-05 08:28:40.202408,125011,40.646297,-111.83664,0.0,0.2,0.2,381.1,48.0,38.0,865.16,4414.0,
183,2024-03-05 08:28:40.202408,126559,41.11814,-112.031425,2.2,,,,52.0,35.0,860.91,4494.0,
184,2024-03-05 08:28:40.202408,127577,40.69866,-111.85807,0.0,0.8,0.9,355.5,42.0,37.0,867.75,4337.0,
185,2024-03-05 08:28:40.202408,129149,40.70908,-111.854034,0.0,0.6,0.7,363.8,36.0,37.0,865.3,4414.0,
186,2024-03-05 08:28:40.202408,129167,40.633476,-111.86767,0.0,,,,43.0,38.0,865.76,4397.0,
187,2024-03-05 08:28:40.202408,129169,40.7329,-111.83855,0.0,,,,36.0,39.0,860.17,4561.0,
188,2024-03-05 08:28:40.202408,129303,40.773415,-111.86778,0.0,,,,40.0,39.0,861.09,4513.0,
189,2024-03-05 08:28:40.202408,129333,40.705807,-111.86831,0.0,3.4,3.5,275.8,43.0,38.0,868.93,4301.0,
190,2024-03-05 08:28:40.202408,129335,40.78386,-111.87021,0.0,,,,,,,4891.0,
191,2024-03-05 08:28:40.202408,129337,40.74115,-111.86375,0.0,0.6,0.6,365.6,41.0,40.0,868.48,4325.0,
192,2024-03-05 08:28:40.202408,129689,40.77824,-111.87601,3097.7,3.5,3.5,274.8,42.0,38.0,859.37,4611.0,
193,2024-03-05 08:28:40.202408,129691,40.661354,-112.00586,0.2,,,,28.0,60.0,844.73,4560.0,
194,2024-03-05 08:28:40.202408,129727,40.68852,-111.959755,1.5,,,,49.0,39.0,870.09,4270.0,
195,2024-03-05 08:28:40.202408,131045,40.622456,-111.80916,0.0,0.5,0.6,368.1,44.0,38.0,851.49,4812.0,
196,2024-03-05 08:28:40.202408,134432,40.698456,-111.811455,0.0,,,,,,,4756.0,
197,2024-03-05 08:28:40.202408,134552,40.78668,-111.93288,0.2,,,,48.0,35.0,871.63,4222.0,
198,2024-03-05 08:28:40.202408,141894,40.6275,-111.87109,5.0,13.8,9.5,156.2,56.0,34.0,868.49,4414.0,
199,2024-03-05 08:28:40.202408,148045,40.740265,-111.8304,0.3,2.4,2.5,304.3,28.0,45.0,857.37,4669.0,
200,2024-03-05 08:28:40.202408,148637,40.694,-111.835495,0.4,4.4,4.2,257.1,45.0,36.0,861.41,4529.0,
201,2024-03-05 08:28:40.202408,150790,40.681103,-111.82541,0.6,7.3,5.8,230.6,43.0,37.0,861.74,4559.0,
202,2024-03-05 08:28:40.202408,155177,40.681572,-111.86667,1.2,8.9,6.6,214.8,43.0,38.0,868.82,4308.0,
203,2024-03-05 08:28:40.202408,156037,40.722088,-111.81881,0.0,1.5,1.7,330.5,44.0,37.0,855.92,4698.0,
204,2024-03-05 08:28:40.202408,156623,40.746613,-111.84749,0.2,1.9,2.0,318.8,43.0,35.0,858.7,4598.0,
205,2024-03-05 08:28:40.202408,161605,40.796906,-111.88152,2.8,7.0,6.1,211.9,32.0,44.0,842.92,5083.0,272.8
206,2024-03-05 08:28:40.202408,165997,40.733875,-111.84109,1.0,3.3,3.3,279.0,41.0,39.0,860.74,4561.0,
207,2024-03-05 08:28:40.202408,168215,40.677616,-111.83469,1.2,3.8,3.8,267.5,37.0,42.0,863.2,4458.0,696.7
208,2024-03-05 08:28:40.202408,169779,40.769947,-111.847015,3.3,6.8,6.0,215.1,43.0,39.0,855.4,4758.0,404.2
209,2024-03-05 08:28:40.202408,169851,40.90276,-111.87242,0.7,3.5,3.5,275.2,35.0,43.0,866.1,4361.0,717.0
210,2024-03-05 08:28:40.202408,169867,40.8716,-111.9032,0.9,3.0,3.1,285.9,34.0,42.0,867.25,4306.0,797.7
211,2024-03-05 08:28:40.202408,174555,40.722404,-111.823616,3.7,6.9,6.0,213.6,31.0,47.0,857.31,4621.0,734.0
212,2024-03-05 08:28:40.202408,189031,40.640045,-111.93181,4.3,11.2,8.5,166.4,39.0,43.0,867.14,4331.0,270.0
213,2024-03-05 08:28:40.202408,194651,40.852215,-111.93701,6.1,12.1,9.0,159.2,38.0,41.0,870.65,4229.0,91.7
214,2024-03-05 08:28:40.202408,196107,41.03355,-111.97173,4.0,6.9,6.0,213.5,53.0,35.0,870.53,4253.0,
215,2024-03-05 08:28:40.202408,199645,40.590206,-111.83429,1.6,4.6,4.4,250.6,45.0,37.0,852.14,4818.0,
216,2024-03-05 08:28:40.202408,199845,40.705555,-111.809586,0.1,2.1,2.3,311.1,45.0,33.0,852.89,4797.0,
217,2024-03-05 08:28:40.202408,204009,40.593708,-111.89525,2.9,5.2,4.9,239.9,49.0,38.0,866.61,4393.0,
218,2024-03-05 08:28:40.202408,204315,40.66461,-111.82927,0.9,2.8,2.9,291.5,40.0,41.0,860.32,4410.0,
219,2024-03-05 08:28:40.202408,207743,40.567074,-111.98856,5.5,10.6,8.2,172.0,40.0,41.0,855.22,4702.0,76.9
220,2024-03-05 08:28:40.202408,208783,41.20704,-111.918755,0.7,4.0,4.0,262.6,47.0,44.0,819.63,6902.0,66.7
221,2024-03-05 08:28:40.202408,208781,41.210533,-111.932014,1.2,2.9,3.0,289.8,86.0,38.0,784.45,4767.0,50.0
